Titulo,Empresa,Ubicacion,Descripcion,Responsabilidades,Requisitos,Rango salarial,Tipo de empleo,Nivel de experiencia,Habilidades requeridas,Fecha de publicacion,Estado del empleo,Categoria de trabajo
Ingeniero QA,Ecopetrol,Bogota,Ecopetrol esta buscando un ingeniero qa apasionado por la tecnologia para trabajar en Bogota. Responsable de la calidad del software a traves de pruebas manuales y automatizadas.,"Crear planes de prueba, ejecutar pruebas automatizadas y documentar errores.",Experiencia con herramientas de pruebas como Selenium y metodologias Agile.,8776888,pasantia,senior,"C#, .NET, Azure",2025-05-17 17:58:17,True,ingenieria
Ingeniero Industrial,Alkosto,Barranquilla,Alkosto esta buscando un ingeniero industrial apasionado por la tecnologia para trabajar en Barranquilla. Participara en diversos proyectos tecnicos de la compania.,"Colaborar en proyectos tecnicos, realizar mantenimiento de sistemas y proponer mejoras tecnologicas.","Formacion en ingenieria o area afin, experiencia tecnica relevante y capacidad de trabajo en equipo.",4712612,pasantia,mid,"Java, Spring, Docker",2025-05-17 17:59:17,True,ingenieria_informatica
Ingeniero Backend,Sura,Medellin,Sura esta buscando un ingeniero backend apasionado por la tecnologia para trabajar en Medellin. Participara en diversos proyectos tecnicos de la compania.,"Colaborar en proyectos tecnicos, realizar mantenimiento de sistemas y proponer mejoras tecnologicas.","Formacion en ingenieria o area afin, experiencia tecnica relevante y capacidad de trabajo en equipo.",3757988,pasantia,junior,"GCP, BigQuery, Airflow",2025-05-17 18:00:17,True,ingenieria
Ingeniero Electronico,Rappi,Cali,Rappi esta buscando un ingeniero electronico apasionado por la tecnologia para trabajar en Cali. Participara en diversos proyectos tecnicos de la compania.,"Colaborar en proyectos tecnicos, realizar mantenimiento de sistemas y proponer mejoras tecnologicas.","Formacion en ingenieria o area afin, experiencia tecnica relevante y capacidad de trabajo en equipo.",11018966,medio_tiempo,senior,"JavaScript, React, Node.js",2025-05-17 18:01:17,True,ingenieria
Ingeniero Backend,Carvajal,Cali,Carvajal esta buscando un ingeniero backend apasionado por la tecnologia para trabajar en Cali. Participara en diversos proyectos tecnicos de la compania.,"Colaborar en proyectos tecnicos, realizar mantenimiento de sistemas y proponer mejoras tecnologicas.","Formacion en ingenieria o area afin, experiencia tecnica relevante y capacidad de trabajo en equipo.",6190064,pasantia,mid,"Java, Spring, Docker",2025-05-17 18:02:17,True,ingenieria_informatica
Ingeniero Backend,Avianca,Cali,Avianca esta buscando un ingeniero backend apasionado por la tecnologia para trabajar en Cali. Participara en diversos proyectos tecnicos de la compania.,"Colaborar en proyectos tecnicos, realizar mantenimiento de sistemas y proponer mejoras tecnologicas.","Formacion en ingenieria o area afin, experiencia tecnica relevante y capacidad de trabajo en equipo.",5788913,pasantia,mid,"Linux, Kubernetes, Terraform",2025-05-17 18:03:17,True,ingenieria_informatica
Ingeniero de Seguridad,Tigo,Cali,Tigo esta buscando un ingeniero de seguridad apasionado por la tecnologia para trabajar en Cali. El profesional sera responsable de identificar y mitigar vulnerabilidades.,"Auditar sistemas, implementar controles de seguridad y capacitar al equipo en mejores practicas.","Formacion en ciberseguridad, manejo de firewalls y herramientas de auditoria.",9033189,pasantia,senior,"C#, .NET, Azure",2025-05-17 18:04:17,True,ingenieria_informatica
Ingeniero de Automatizacion,Avianca,Medellin,Avianca esta buscando un ingeniero de automatizacion apasionado por la tecnologia para trabajar en Medellin. Participara en diversos proyectos tecnicos de la compania.,"Colaborar en proyectos tecnicos, realizar mantenimiento de sistemas y proponer mejoras tecnologicas.","Formacion en ingenieria o area afin, experiencia tecnica relevante y capacidad de trabajo en equipo.",6302394,pasantia,mid,"GCP, BigQuery, Airflow",2025-05-17 18:05:17,True,ingenieria_informatica
Ingeniero DevOps,Rappi,Barranquilla,Rappi esta buscando un ingeniero devops apasionado por la tecnologia para trabajar en Barranquilla. El rol implica automatizar y optimizar los pipelines de entrega continua.,"Configurar entornos de despliegue continuo, gestionar infraestructura como codigo y monitorear servicios.","Familiaridad con herramientas CI/CD, contenedores y servicios en la nube.",5943171,tiempo_completo,mid,"JavaScript, React, Node.js",2025-05-17 18:06:17,True,ingenieria_informatica
Ingeniero Frontend,Avianca,Cali,Avianca esta buscando un ingeniero frontend apasionado por la tecnologia para trabajar en Cali. Participara en diversos proyectos tecnicos de la compania.,"Colaborar en proyectos tecnicos, realizar mantenimiento de sistemas y proponer mejoras tecnologicas.","Formacion en ingenieria o area afin, experiencia tecnica relevante y capacidad de trabajo en equipo.",11800185,pasantia,senior,"C#, .NET, Azure",2025-05-17 18:07:17,True,ingenieria_informatica
Ingeniero DevOps,Ecopetrol,Cartagena,Ecopetrol esta buscando un ingeniero devops apasionado por la tecnologia para trabajar en Cartagena. El rol implica automatizar y optimizar los pipelines de entrega continua.,"Configurar entornos de despliegue continuo, gestionar infraestructura como codigo y monitorear servicios.","Familiaridad con herramientas CI/CD, contenedores y servicios en la nube.",3635021,medio_tiempo,junior,"Java, Spring, Docker",2025-05-17 18:08:17,True,ingenieria_informatica
Ingeniero de Software,Bancolombia,Cali,Bancolombia esta buscando un ingeniero de software apasionado por la tecnologia para trabajar en Cali. El candidato ideal debera participar en el ciclo completo de desarrollo de software.,"Desarrollar y mantener aplicaciones escalables, colaborar con otros desarrolladores y participar en revisiones de codigo.","Experiencia en desarrollo de aplicaciones, manejo de frameworks modernos y control de versiones.",4380269,medio_tiempo,mid,"Python, SQL, AWS",2025-05-17 18:09:17,True,ingenieria_informatica
Ingeniero Backend,Postobon,Medellin,Postobon esta buscando un ingeniero backend apasionado por la tecnologia para trabajar en Medellin. Participara en diversos proyectos tecnicos de la compania.,"Colaborar en proyectos tecnicos, realizar mantenimiento de sistemas y proponer mejoras tecnologicas.","Formacion en ingenieria o area afin, experiencia tecnica relevante y capacidad de trabajo en equipo.",6558503,medio_tiempo,mid,"C#, .NET, Azure",2025-05-17 18:10:17,True,ingenieria_informatica
Ingeniero Backend,ISA,Pereira,ISA esta buscando un ingeniero backend apasionado por la tecnologia para trabajar en Pereira. Participara en diversos proyectos tecnicos de la compania.,"Colaborar en proyectos tecnicos, realizar mantenimiento de sistemas y proponer mejoras tecnologicas.","Formacion en ingenieria o area afin, experiencia tecnica relevante y capacidad de trabajo en equipo.",3647852,tiempo_completo,junior,"Java, Spring, Docker",2025-05-17 18:11:17,True,ingenieria_informatica
Ingeniero QA,Grupo Exito,Bucaramanga,Grupo Exito esta buscando un ingeniero qa apasionado por la tecnologia para trabajar en Bucaramanga. Responsable de la calidad del software a traves de pruebas manuales y automatizadas.,"Crear planes de prueba, ejecutar pruebas automatizadas y documentar errores.",Experiencia con herramientas de pruebas como Selenium y metodologias Agile.,5360030,pasantia,mid,"C#, .NET, Azure",2025-05-17 18:12:17,True,ingenieria_informatica
Ingeniero de Seguridad,Claro Colombia,Cartagena,Claro Colombia esta buscando un ingeniero de seguridad apasionado por la tecnologia para trabajar en Cartagena. El profesional sera responsable de identificar y mitigar vulnerabilidades.,"Auditar sistemas, implementar controles de seguridad y capacitar al equipo en mejores practicas.","Formacion en ciberseguridad, manejo de firewalls y herramientas de auditoria.",3349604,tiempo_completo,junior,"C#, .NET, Azure",2025-05-17 18:13:17,True,ingenieria_informatica
Ingeniero Industrial,Grupo Exito,Bogota,Grupo Exito esta buscando un ingeniero industrial apasionado por la tecnologia para trabajar en Bogota. Participara en diversos proyectos tecnicos de la compania.,"Colaborar en proyectos tecnicos, realizar mantenimiento de sistemas y proponer mejoras tecnologicas.","Formacion en ingenieria o area afin, experiencia tecnica relevante y capacidad de trabajo en equipo.",7602045,tiempo_completo,senior,"JavaScript, React, Node.js",2025-05-17 18:14:17,True,ingenieria_informatica
Ingeniero Industrial,Claro Colombia,Barranquilla,Claro Colombia esta buscando un ingeniero industrial apasionado por la tecnologia para trabajar en Barranquilla. Participara en diversos proyectos tecnicos de la compania.,"Colaborar en proyectos tecnicos, realizar mantenimiento de sistemas y proponer mejoras tecnologicas.","Formacion en ingenieria o area afin, experiencia tecnica relevante y capacidad de trabajo en equipo.",3426083,tiempo_completo,junior,"GCP, BigQuery, Airflow",2025-05-17 18:15:17,True,ingenieria
Ingeniero Industrial,Carvajal,Bucaramanga,Carvajal esta buscando un ingeniero industrial apasionado por la tecnologia para trabajar en Bucaramanga. Participara en diversos proyectos tecnicos de la compania.,"Colaborar en proyectos tecnicos, realizar mantenimiento de sistemas y proponer mejoras tecnologicas.","Formacion en ingenieria o area afin, experiencia tecnica relevante y capacidad de trabajo en equipo.",10524739,medio_tiempo,senior,"Linux, Kubernetes, Terraform",2025-05-17 18:16:17,True,ingenieria
Ingeniero de Sistemas,Avianca,Bucaramanga,Avianca esta buscando un ingeniero de sistemas apasionado por la tecnologia para trabajar en Bucaramanga. Participara en diversos proyectos tecnicos de la compania.,"Colaborar en proyectos tecnicos, realizar mantenimiento de sistemas y proponer mejoras tecnologicas.","Formacion en ingenieria o area afin, experiencia tecnica relevante y capacidad de trabajo en equipo.",7575589,medio_tiempo,senior,"JavaScript, React, Node.js",2025-05-17 18:17:17,True,ingenieria_informatica
Ingeniero Electronico,Postobon,Bucaramanga,Postobon esta buscando un ingeniero electronico apasionado por la tecnologia para trabajar en Bucaramanga. Participara en diversos proyectos tecnicos de la compania.,"Colaborar en proyectos tecnicos, realizar mantenimiento de sistemas y proponer mejoras tecnologicas.","Formacion en ingenieria o area afin, experiencia tecnica relevante y capacidad de trabajo en equipo.",3758455,pasantia,junior,"Java, Spring, Docker",2025-05-17 18:18:17,True,ingenieria_informatica
Ingeniero Industrial,Tigo,Cartagena,Tigo esta buscando un ingeniero industrial apasionado por la tecnologia para trabajar en Cartagena. Participara en diversos proyectos tecnicos de la compania.,"Colaborar en proyectos tecnicos, realizar mantenimiento de sistemas y proponer mejoras tecnologicas.","Formacion en ingenieria o area afin, experiencia tecnica relevante y capacidad de trabajo en equipo.",10072167,medio_tiempo,senior,"Python, SQL, AWS",2025-05-17 18:19:17,True,ingenieria
Ingeniero de Seguridad,Avianca,Bucaramanga,Avianca esta buscando un ingeniero de seguridad apasionado por la tecnologia para trabajar en Bucaramanga. El profesional sera responsable de identificar y mitigar vulnerabilidades.,"Auditar sistemas, implementar controles de seguridad y capacitar al equipo en mejores practicas.","Formacion en ciberseguridad, manejo de firewalls y herramientas de auditoria.",2767125,pasantia,junior,"JavaScript, React, Node.js",2025-05-17 18:20:17,True,ingenieria
Ingeniero de Datos,Grupo Nutresa,Barranquilla,Grupo Nutresa esta buscando un ingeniero de datos apasionado por la tecnologia para trabajar en Barranquilla. Este rol implica el manejo y procesamiento de grandes volumenes de datos para generar valor.,"Construir pipelines de datos, asegurar la calidad de los datos y colaborar con analistas.","Conocimiento en bases de datos, SQL y herramientas de procesamiento como Spark o Hadoop.",10032528,tiempo_completo,senior,"Linux, Kubernetes, Terraform",2025-05-17 18:21:17,True,ingenieria_informatica
Ingeniero Civil,Sura,Medellin,Sura esta buscando un ingeniero civil apasionado por la tecnologia para trabajar en Medellin. Participara en diversos proyectos tecnicos de la compania.,"Colaborar en proyectos tecnicos, realizar mantenimiento de sistemas y proponer mejoras tecnologicas.","Formacion en ingenieria o area afin, experiencia tecnica relevante y capacidad de trabajo en equipo.",6003355,medio_tiempo,mid,"Java, Spring, Docker",2025-05-17 18:22:17,True,ingenieria
Ingeniero de Machine Learning,Sura,Barranquilla,Sura esta buscando un ingeniero de machine learning apasionado por la tecnologia para trabajar en Barranquilla. Desarrollara modelos de aprendizaje automatico aplicables a problemas reales.,"Entrenar y evaluar modelos, seleccionar algoritmos adecuados y preparar datasets.","Manejo de librerias como TensorFlow o scikit-learn, y conocimientos estadisticos.",3829066,medio_tiempo,junior,"C#, .NET, Azure",2025-05-17 18:23:17,True,ingenieria
Ingeniero de Automatizacion,Grupo Nutresa,Cartagena,Grupo Nutresa esta buscando un ingeniero de automatizacion apasionado por la tecnologia para trabajar en Cartagena. Participara en diversos proyectos tecnicos de la compania.,"Colaborar en proyectos tecnicos, realizar mantenimiento de sistemas y proponer mejoras tecnologicas.","Formacion en ingenieria o area afin, experiencia tecnica relevante y capacidad de trabajo en equipo.",7494410,tiempo_completo,senior,"Python, SQL, AWS",2025-05-17 18:24:17,True,ingenieria
Ingeniero Industrial,Postobon,Barranquilla,Postobon esta buscando un ingeniero industrial apasionado por la tecnologia para trabajar en Barranquilla. Participara en diversos proyectos tecnicos de la compania.,"Colaborar en proyectos tecnicos, realizar mantenimiento de sistemas y proponer mejoras tecnologicas.","Formacion en ingenieria o area afin, experiencia tecnica relevante y capacidad de trabajo en equipo.",3583489,medio_tiempo,junior,"C#, .NET, Azure",2025-05-17 18:25:17,True,ingenieria_informatica
Ingeniero QA,Grupo Nutresa,Barranquilla,Grupo Nutresa esta buscando un ingeniero qa apasionado por la tecnologia para trabajar en Barranquilla. Responsable de la calidad del software a traves de pruebas manuales y automatizadas.,"Crear planes de prueba, ejecutar pruebas automatizadas y documentar errores.",Experiencia con herramientas de pruebas como Selenium y metodologias Agile.,5709738,tiempo_completo,mid,"Linux, Kubernetes, Terraform",2025-05-17 18:26:17,True,ingenieria_informatica
Ingeniero DevOps,Carvajal,Barranquilla,Carvajal esta buscando un ingeniero devops apasionado por la tecnologia para trabajar en Barranquilla. El rol implica automatizar y optimizar los pipelines de entrega continua.,"Configurar entornos de despliegue continuo, gestionar infraestructura como codigo y monitorear servicios.","Familiaridad con herramientas CI/CD, contenedores y servicios en la nube.",5658033,pasantia,mid,"JavaScript, React, Node.js",2025-05-17 18:27:17,True,ingenieria
Ingeniero de Software,Tigo,Barranquilla,Tigo esta buscando un ingeniero de software apasionado por la tecnologia para trabajar en Barranquilla. El candidato ideal debera participar en el ciclo completo de desarrollo de software.,"Desarrollar y mantener aplicaciones escalables, colaborar con otros desarrolladores y participar en revisiones de codigo.","Experiencia en desarrollo de aplicaciones, manejo de frameworks modernos y control de versiones.",10161780,pasantia,senior,"GCP, BigQuery, Airflow",2025-05-17 18:28:17,True,ingenieria_informatica
Ingeniero de Software,Bancolombia,Pereira,Bancolombia esta buscando un ingeniero de software apasionado por la tecnologia para trabajar en Pereira. El candidato ideal debera participar en el ciclo completo de desarrollo de software.,"Desarrollar y mantener aplicaciones escalables, colaborar con otros desarrolladores y participar en revisiones de codigo.","Experiencia en desarrollo de aplicaciones, manejo de frameworks modernos y control de versiones.",11882151,medio_tiempo,senior,"GCP, BigQuery, Airflow",2025-05-17 18:29:17,True,ingenieria_informatica
Ingeniero Mecanico,Grupo Energia Bogota,Barranquilla,Grupo Energia Bogota esta buscando un ingeniero mecanico apasionado por la tecnologia para trabajar en Barranquilla. Participara en diversos proyectos tecnicos de la compania.,"Colaborar en proyectos tecnicos, realizar mantenimiento de sistemas y proponer mejoras tecnologicas.","Formacion en ingenieria o area afin, experiencia tecnica relevante y capacidad de trabajo en equipo.",11497645,tiempo_completo,senior,"Python, SQL, AWS",2025-05-17 18:30:17,True,ingenieria
Ingeniero de Automatizacion,Rappi,Pereira,Rappi esta buscando un ingeniero de automatizacion apasionado por la tecnologia para trabajar en Pereira. Participara en diversos proyectos tecnicos de la compania.,"Colaborar en proyectos tecnicos, realizar mantenimiento de sistemas y proponer mejoras tecnologicas.","Formacion en ingenieria o area afin, experiencia tecnica relevante y capacidad de trabajo en equipo.",3047977,pasantia,junior,"Python, SQL, AWS",2025-05-17 18:31:17,True,ingenieria
Ingeniero Frontend,Grupo Energia Bogota,Pereira,Grupo Energia Bogota esta buscando un ingeniero frontend apasionado por la tecnologia para trabajar en Pereira. Participara en diversos proyectos tecnicos de la compania.,"Colaborar en proyectos tecnicos, realizar mantenimiento de sistemas y proponer mejoras tecnologicas.","Formacion en ingenieria o area afin, experiencia tecnica relevante y capacidad de trabajo en equipo.",5792419,tiempo_completo,mid,"GCP, BigQuery, Airflow",2025-05-17 18:32:17,True,ingenieria_informatica
Ingeniero DevOps,Grupo Exito,Bucaramanga,Grupo Exito esta buscando un ingeniero devops apasionado por la tecnologia para trabajar en Bucaramanga. El rol implica automatizar y optimizar los pipelines de entrega continua.,"Configurar entornos de despliegue continuo, gestionar infraestructura como codigo y monitorear servicios.","Familiaridad con herramientas CI/CD, contenedores y servicios en la nube.",3538921,pasantia,junior,"JavaScript, React, Node.js",2025-05-17 18:33:17,True,ingenieria
Ingeniero de Datos,Alkosto,Bucaramanga,Alkosto esta buscando un ingeniero de datos apasionado por la tecnologia para trabajar en Bucaramanga. Este rol implica el manejo y procesamiento de grandes volumenes de datos para generar valor.,"Construir pipelines de datos, asegurar la calidad de los datos y colaborar con analistas.","Conocimiento en bases de datos, SQL y herramientas de procesamiento como Spark o Hadoop.",4750502,medio_tiempo,mid,"Linux, Kubernetes, Terraform",2025-05-17 18:34:17,True,ingenieria_informatica
Ingeniero Industrial,ETB,Medellin,ETB esta buscando un ingeniero industrial apasionado por la tecnologia para trabajar en Medellin. Participara en diversos proyectos tecnicos de la compania.,"Colaborar en proyectos tecnicos, realizar mantenimiento de sistemas y proponer mejoras tecnologicas.","Formacion en ingenieria o area afin, experiencia tecnica relevante y capacidad de trabajo en equipo.",10351482,medio_tiempo,senior,"GCP, BigQuery, Airflow",2025-05-17 18:35:17,True,ingenieria_informatica
Ingeniero Mecanico,Rappi,Pereira,Rappi esta buscando un ingeniero mecanico apasionado por la tecnologia para trabajar en Pereira. Participara en diversos proyectos tecnicos de la compania.,"Colaborar en proyectos tecnicos, realizar mantenimiento de sistemas y proponer mejoras tecnologicas.","Formacion en ingenieria o area afin, experiencia tecnica relevante y capacidad de trabajo en equipo.",2665360,pasantia,junior,"C#, .NET, Azure",2025-05-17 18:36:17,True,ingenieria
Ingeniero de Software,Bancolombia,Barranquilla,Bancolombia esta buscando un ingeniero de software apasionado por la tecnologia para trabajar en Barranquilla. El candidato ideal debera participar en el ciclo completo de desarrollo de software.,"Desarrollar y mantener aplicaciones escalables, colaborar con otros desarrolladores y participar en revisiones de codigo.","Experiencia en desarrollo de aplicaciones, manejo de frameworks modernos y control de versiones.",2687094,medio_tiempo,junior,"GCP, BigQuery, Airflow",2025-05-17 18:37:17,True,ingenieria
Ingeniero Backend,ETB,Bucaramanga,ETB esta buscando un ingeniero backend apasionado por la tecnologia para trabajar en Bucaramanga. Participara en diversos proyectos tecnicos de la compania.,"Colaborar en proyectos tecnicos, realizar mantenimiento de sistemas y proponer mejoras tecnologicas.","Formacion en ingenieria o area afin, experiencia tecnica relevante y capacidad de trabajo en equipo.",8991897,tiempo_completo,senior,"JavaScript, React, Node.js",2025-05-17 18:38:17,True,ingenieria_informatica
Ingeniero Mecanico,Carvajal,Barranquilla,Carvajal esta buscando un ingeniero mecanico apasionado por la tecnologia para trabajar en Barranquilla. Participara en diversos proyectos tecnicos de la compania.,"Colaborar en proyectos tecnicos, realizar mantenimiento de sistemas y proponer mejoras tecnologicas.","Formacion en ingenieria o area afin, experiencia tecnica relevante y capacidad de trabajo en equipo.",5610244,pasantia,mid,"Java, Spring, Docker",2025-05-17 18:39:17,True,ingenieria
Ingeniero de Redes,Grupo Exito,Pereira,"Grupo Exito esta buscando un ingeniero de redes apasionado por la tecnologia para trabajar en Pereira. Encargado del diseno, implementacion y mantenimiento de redes seguras y eficientes.","Configurar routers y switches, monitorear trafico y resolver incidencias.","Certificaciones en redes (CCNA/CCNP), experiencia con configuraciones de red.",3388847,pasantia,junior,"JavaScript, React, Node.js",2025-05-17 18:40:17,True,ingenieria_informatica
Ingeniero Electronico,Grupo Nutresa,Cali,Grupo Nutresa esta buscando un ingeniero electronico apasionado por la tecnologia para trabajar en Cali. Participara en diversos proyectos tecnicos de la compania.,"Colaborar en proyectos tecnicos, realizar mantenimiento de sistemas y proponer mejoras tecnologicas.","Formacion en ingenieria o area afin, experiencia tecnica relevante y capacidad de trabajo en equipo.",4198868,tiempo_completo,mid,"C#, .NET, Azure",2025-05-17 18:41:17,True,ingenieria_informatica
Ingeniero Electronico,Avianca,Medellin,Avianca esta buscando un ingeniero electronico apasionado por la tecnologia para trabajar en Medellin. Participara en diversos proyectos tecnicos de la compania.,"Colaborar en proyectos tecnicos, realizar mantenimiento de sistemas y proponer mejoras tecnologicas.","Formacion en ingenieria o area afin, experiencia tecnica relevante y capacidad de trabajo en equipo.",9536548,pasantia,senior,"JavaScript, React, Node.js",2025-05-17 18:42:17,True,ingenieria
Ingeniero de Software,Bancolombia,Bucaramanga,Bancolombia esta buscando un ingeniero de software apasionado por la tecnologia para trabajar en Bucaramanga. El candidato ideal debera participar en el ciclo completo de desarrollo de software.,"Desarrollar y mantener aplicaciones escalables, colaborar con otros desarrolladores y participar en revisiones de codigo.","Experiencia en desarrollo de aplicaciones, manejo de frameworks modernos y control de versiones.",7200037,pasantia,senior,"Linux, Kubernetes, Terraform",2025-05-17 18:43:17,True,ingenieria_informatica
Ingeniero QA,Grupo Energia Bogota,Barranquilla,Grupo Energia Bogota esta buscando un ingeniero qa apasionado por la tecnologia para trabajar en Barranquilla. Responsable de la calidad del software a traves de pruebas manuales y automatizadas.,"Crear planes de prueba, ejecutar pruebas automatizadas y documentar errores.",Experiencia con herramientas de pruebas como Selenium y metodologias Agile.,4800364,pasantia,mid,"GCP, BigQuery, Airflow",2025-05-17 18:44:17,True,ingenieria_informatica
Ingeniero Electronico,Avianca,Pereira,Avianca esta buscando un ingeniero electronico apasionado por la tecnologia para trabajar en Pereira. Participara en diversos proyectos tecnicos de la compania.,"Colaborar en proyectos tecnicos, realizar mantenimiento de sistemas y proponer mejoras tecnologicas.","Formacion en ingenieria o area afin, experiencia tecnica relevante y capacidad de trabajo en equipo.",3662035,medio_tiempo,junior,"GCP, BigQuery, Airflow",2025-05-17 18:45:17,True,ingenieria_informatica
Ingeniero de Seguridad,Bancolombia,Cali,Bancolombia esta buscando un ingeniero de seguridad apasionado por la tecnologia para trabajar en Cali. El profesional sera responsable de identificar y mitigar vulnerabilidades.,"Auditar sistemas, implementar controles de seguridad y capacitar al equipo en mejores practicas.","Formacion en ciberseguridad, manejo de firewalls y herramientas de auditoria.",8989423,tiempo_completo,senior,"C#, .NET, Azure",2025-05-17 18:46:17,True,ingenieria_informatica
Ingeniero Civil,Claro Colombia,Cartagena,Claro Colombia esta buscando un ingeniero civil apasionado por la tecnologia para trabajar en Cartagena. Participara en diversos proyectos tecnicos de la compania.,"Colaborar en proyectos tecnicos, realizar mantenimiento de sistemas y proponer mejoras tecnologicas.","Formacion en ingenieria o area afin, experiencia tecnica relevante y capacidad de trabajo en equipo.",3673214,pasantia,junior,"GCP, BigQuery, Airflow",2025-05-17 18:47:17,True,ingenieria_informatica
Ingeniero Electronico,Avianca,Bogota,Avianca esta buscando un ingeniero electronico apasionado por la tecnologia para trabajar en Bogota. Participara en diversos proyectos tecnicos de la compania.,"Colaborar en proyectos tecnicos, realizar mantenimiento de sistemas y proponer mejoras tecnologicas.","Formacion en ingenieria o area afin, experiencia tecnica relevante y capacidad de trabajo en equipo.",4615864,tiempo_completo,mid,"GCP, BigQuery, Airflow",2025-05-17 18:48:17,True,ingenieria_informatica
Ingeniero de Seguridad,Alkosto,Bucaramanga,Alkosto esta buscando un ingeniero de seguridad apasionado por la tecnologia para trabajar en Bucaramanga. El profesional sera responsable de identificar y mitigar vulnerabilidades.,"Auditar sistemas, implementar controles de seguridad y capacitar al equipo en mejores practicas.","Formacion en ciberseguridad, manejo de firewalls y herramientas de auditoria.",3909875,medio_tiempo,junior,"C#, .NET, Azure",2025-05-17 18:49:17,True,ingenieria_informatica
Ingeniero Frontend,ETB,Pereira,ETB esta buscando un ingeniero frontend apasionado por la tecnologia para trabajar en Pereira. Participara en diversos proyectos tecnicos de la compania.,"Colaborar en proyectos tecnicos, realizar mantenimiento de sistemas y proponer mejoras tecnologicas.","Formacion en ingenieria o area afin, experiencia tecnica relevante y capacidad de trabajo en equipo.",3504872,tiempo_completo,junior,"Linux, Kubernetes, Terraform",2025-05-17 18:50:17,True,ingenieria
Ingeniero de Seguridad,Postobon,Pereira,Postobon esta buscando un ingeniero de seguridad apasionado por la tecnologia para trabajar en Pereira. El profesional sera responsable de identificar y mitigar vulnerabilidades.,"Auditar sistemas, implementar controles de seguridad y capacitar al equipo en mejores practicas.","Formacion en ciberseguridad, manejo de firewalls y herramientas de auditoria.",3692278,pasantia,junior,"Java, Spring, Docker",2025-05-17 18:51:17,True,ingenieria_informatica
Ingeniero Frontend,Grupo Nutresa,Pereira,Grupo Nutresa esta buscando un ingeniero frontend apasionado por la tecnologia para trabajar en Pereira. Participara en diversos proyectos tecnicos de la compania.,"Colaborar en proyectos tecnicos, realizar mantenimiento de sistemas y proponer mejoras tecnologicas.","Formacion en ingenieria o area afin, experiencia tecnica relevante y capacidad de trabajo en equipo.",7721892,pasantia,senior,"JavaScript, React, Node.js",2025-05-17 18:52:17,True,ingenieria
Ingeniero de Machine Learning,Bancolombia,Medellin,Bancolombia esta buscando un ingeniero de machine learning apasionado por la tecnologia para trabajar en Medellin. Desarrollara modelos de aprendizaje automatico aplicables a problemas reales.,"Entrenar y evaluar modelos, seleccionar algoritmos adecuados y preparar datasets.","Manejo de librerias como TensorFlow o scikit-learn, y conocimientos estadisticos.",5291487,pasantia,mid,"C#, .NET, Azure",2025-05-17 18:53:17,True,ingenieria
Ingeniero Electronico,Grupo Nutresa,Pereira,Grupo Nutresa esta buscando un ingeniero electronico apasionado por la tecnologia para trabajar en Pereira. Participara en diversos proyectos tecnicos de la compania.,"Colaborar en proyectos tecnicos, realizar mantenimiento de sistemas y proponer mejoras tecnologicas.","Formacion en ingenieria o area afin, experiencia tecnica relevante y capacidad de trabajo en equipo.",4672023,pasantia,mid,"Linux, Kubernetes, Terraform",2025-05-17 18:54:17,True,ingenieria_informatica
Ingeniero Civil,ISA,Medellin,ISA esta buscando un ingeniero civil apasionado por la tecnologia para trabajar en Medellin. Participara en diversos proyectos tecnicos de la compania.,"Colaborar en proyectos tecnicos, realizar mantenimiento de sistemas y proponer mejoras tecnologicas.","Formacion en ingenieria o area afin, experiencia tecnica relevante y capacidad de trabajo en equipo.",11887880,pasantia,senior,"Python, SQL, AWS",2025-05-17 18:55:17,True,ingenieria_informatica
Ingeniero de Seguridad,Tigo,Bucaramanga,Tigo esta buscando un ingeniero de seguridad apasionado por la tecnologia para trabajar en Bucaramanga. El profesional sera responsable de identificar y mitigar vulnerabilidades.,"Auditar sistemas, implementar controles de seguridad y capacitar al equipo en mejores practicas.","Formacion en ciberseguridad, manejo de firewalls y herramientas de auditoria.",3728319,tiempo_completo,junior,"C#, .NET, Azure",2025-05-17 18:56:17,True,ingenieria_informatica
Ingeniero de Sistemas,Rappi,Cali,Rappi esta buscando un ingeniero de sistemas apasionado por la tecnologia para trabajar en Cali. Participara en diversos proyectos tecnicos de la compania.,"Colaborar en proyectos tecnicos, realizar mantenimiento de sistemas y proponer mejoras tecnologicas.","Formacion en ingenieria o area afin, experiencia tecnica relevante y capacidad de trabajo en equipo.",3649293,pasantia,junior,"GCP, BigQuery, Airflow",2025-05-17 18:57:17,True,ingenieria
Ingeniero de Machine Learning,Avianca,Bucaramanga,Avianca esta buscando un ingeniero de machine learning apasionado por la tecnologia para trabajar en Bucaramanga. Desarrollara modelos de aprendizaje automatico aplicables a problemas reales.,"Entrenar y evaluar modelos, seleccionar algoritmos adecuados y preparar datasets.","Manejo de librerias como TensorFlow o scikit-learn, y conocimientos estadisticos.",2752939,pasantia,junior,"Linux, Kubernetes, Terraform",2025-05-17 18:58:17,True,ingenieria
Ingeniero de Datos,Bancolombia,Bogota,Bancolombia esta buscando un ingeniero de datos apasionado por la tecnologia para trabajar en Bogota. Este rol implica el manejo y procesamiento de grandes volumenes de datos para generar valor.,"Construir pipelines de datos, asegurar la calidad de los datos y colaborar con analistas.","Conocimiento en bases de datos, SQL y herramientas de procesamiento como Spark o Hadoop.",6527714,medio_tiempo,mid,"Linux, Kubernetes, Terraform",2025-05-17 18:59:17,True,ingenieria_informatica
Ingeniero de Software,Grupo Nutresa,Pereira,Grupo Nutresa esta buscando un ingeniero de software apasionado por la tecnologia para trabajar en Pereira. El candidato ideal debera participar en el ciclo completo de desarrollo de software.,"Desarrollar y mantener aplicaciones escalables, colaborar con otros desarrolladores y participar en revisiones de codigo.","Experiencia en desarrollo de aplicaciones, manejo de frameworks modernos y control de versiones.",6517132,tiempo_completo,mid,"C#, .NET, Azure",2025-05-17 19:00:17,True,ingenieria
Ingeniero DevOps,Grupo Nutresa,Bogota,Grupo Nutresa esta buscando un ingeniero devops apasionado por la tecnologia para trabajar en Bogota. El rol implica automatizar y optimizar los pipelines de entrega continua.,"Configurar entornos de despliegue continuo, gestionar infraestructura como codigo y monitorear servicios.","Familiaridad con herramientas CI/CD, contenedores y servicios en la nube.",2812169,pasantia,junior,"GCP, BigQuery, Airflow",2025-05-17 19:01:17,True,ingenieria
Ingeniero de Sistemas,Postobon,Medellin,Postobon esta buscando un ingeniero de sistemas apasionado por la tecnologia para trabajar en Medellin. Participara en diversos proyectos tecnicos de la compania.,"Colaborar en proyectos tecnicos, realizar mantenimiento de sistemas y proponer mejoras tecnologicas.","Formacion en ingenieria o area afin, experiencia tecnica relevante y capacidad de trabajo en equipo.",9175786,tiempo_completo,senior,"GCP, BigQuery, Airflow",2025-05-17 19:02:17,True,ingenieria
Ingeniero Industrial,ETB,Medellin,ETB esta buscando un ingeniero industrial apasionado por la tecnologia para trabajar en Medellin. Participara en diversos proyectos tecnicos de la compania.,"Colaborar en proyectos tecnicos, realizar mantenimiento de sistemas y proponer mejoras tecnologicas.","Formacion en ingenieria o area afin, experiencia tecnica relevante y capacidad de trabajo en equipo.",10364400,pasantia,senior,"Python, SQL, AWS",2025-05-17 19:03:17,True,ingenieria_informatica
Ingeniero de Redes,Sura,Bogota,"Sura esta buscando un ingeniero de redes apasionado por la tecnologia para trabajar en Bogota. Encargado del diseno, implementacion y mantenimiento de redes seguras y eficientes.","Configurar routers y switches, monitorear trafico y resolver incidencias.","Certificaciones en redes (CCNA/CCNP), experiencia con configuraciones de red.",4348603,medio_tiempo,mid,"GCP, BigQuery, Airflow",2025-05-17 19:04:17,True,ingenieria
Ingeniero de Datos,Grupo Energia Bogota,Bogota,Grupo Energia Bogota esta buscando un ingeniero de datos apasionado por la tecnologia para trabajar en Bogota. Este rol implica el manejo y procesamiento de grandes volumenes de datos para generar valor.,"Construir pipelines de datos, asegurar la calidad de los datos y colaborar con analistas.","Conocimiento en bases de datos, SQL y herramientas de procesamiento como Spark o Hadoop.",9528140,tiempo_completo,senior,"GCP, BigQuery, Airflow",2025-05-17 19:05:17,True,ingenieria_informatica
Ingeniero Frontend,Postobon,Pereira,Postobon esta buscando un ingeniero frontend apasionado por la tecnologia para trabajar en Pereira. Participara en diversos proyectos tecnicos de la compania.,"Colaborar en proyectos tecnicos, realizar mantenimiento de sistemas y proponer mejoras tecnologicas.","Formacion en ingenieria o area afin, experiencia tecnica relevante y capacidad de trabajo en equipo.",6285425,pasantia,mid,"C#, .NET, Azure",2025-05-17 19:06:17,True,ingenieria
Ingeniero Industrial,Avianca,Cali,Avianca esta buscando un ingeniero industrial apasionado por la tecnologia para trabajar en Cali. Participara en diversos proyectos tecnicos de la compania.,"Colaborar en proyectos tecnicos, realizar mantenimiento de sistemas y proponer mejoras tecnologicas.","Formacion en ingenieria o area afin, experiencia tecnica relevante y capacidad de trabajo en equipo.",5110904,tiempo_completo,mid,"Python, SQL, AWS",2025-05-17 19:07:17,True,ingenieria
Ingeniero Backend,Sura,Barranquilla,Sura esta buscando un ingeniero backend apasionado por la tecnologia para trabajar en Barranquilla. Participara en diversos proyectos tecnicos de la compania.,"Colaborar en proyectos tecnicos, realizar mantenimiento de sistemas y proponer mejoras tecnologicas.","Formacion en ingenieria o area afin, experiencia tecnica relevante y capacidad de trabajo en equipo.",6575081,pasantia,mid,"C#, .NET, Azure",2025-05-17 19:08:17,True,ingenieria_informatica
Ingeniero de Machine Learning,Avianca,Cartagena,Avianca esta buscando un ingeniero de machine learning apasionado por la tecnologia para trabajar en Cartagena. Desarrollara modelos de aprendizaje automatico aplicables a problemas reales.,"Entrenar y evaluar modelos, seleccionar algoritmos adecuados y preparar datasets.","Manejo de librerias como TensorFlow o scikit-learn, y conocimientos estadisticos.",10155006,medio_tiempo,senior,"JavaScript, React, Node.js",2025-05-17 19:09:17,True,ingenieria
Ingeniero de Software,Ecopetrol,Bogota,Ecopetrol esta buscando un ingeniero de software apasionado por la tecnologia para trabajar en Bogota. El candidato ideal debera participar en el ciclo completo de desarrollo de software.,"Desarrollar y mantener aplicaciones escalables, colaborar con otros desarrolladores y participar en revisiones de codigo.","Experiencia en desarrollo de aplicaciones, manejo de frameworks modernos y control de versiones.",5876389,pasantia,mid,"Java, Spring, Docker",2025-05-17 19:10:17,True,ingenieria_informatica
Ingeniero de Sistemas,Rappi,Medellin,Rappi esta buscando un ingeniero de sistemas apasionado por la tecnologia para trabajar en Medellin. Participara en diversos proyectos tecnicos de la compania.,"Colaborar en proyectos tecnicos, realizar mantenimiento de sistemas y proponer mejoras tecnologicas.","Formacion en ingenieria o area afin, experiencia tecnica relevante y capacidad de trabajo en equipo.",9047450,medio_tiempo,senior,"Python, SQL, AWS",2025-05-17 19:11:17,True,ingenieria_informatica
Ingeniero de Machine Learning,Sura,Bucaramanga,Sura esta buscando un ingeniero de machine learning apasionado por la tecnologia para trabajar en Bucaramanga. Desarrollara modelos de aprendizaje automatico aplicables a problemas reales.,"Entrenar y evaluar modelos, seleccionar algoritmos adecuados y preparar datasets.","Manejo de librerias como TensorFlow o scikit-learn, y conocimientos estadisticos.",3079816,pasantia,junior,"Python, SQL, AWS",2025-05-17 19:12:17,True,ingenieria_informatica
Ingeniero Frontend,Carvajal,Cartagena,Carvajal esta buscando un ingeniero frontend apasionado por la tecnologia para trabajar en Cartagena. Participara en diversos proyectos tecnicos de la compania.,"Colaborar en proyectos tecnicos, realizar mantenimiento de sistemas y proponer mejoras tecnologicas.","Formacion en ingenieria o area afin, experiencia tecnica relevante y capacidad de trabajo en equipo.",4096932,pasantia,mid,"GCP, BigQuery, Airflow",2025-05-17 19:13:17,True,ingenieria_informatica
Ingeniero de Software,Ecopetrol,Cali,Ecopetrol esta buscando un ingeniero de software apasionado por la tecnologia para trabajar en Cali. El candidato ideal debera participar en el ciclo completo de desarrollo de software.,"Desarrollar y mantener aplicaciones escalables, colaborar con otros desarrolladores y participar en revisiones de codigo.","Experiencia en desarrollo de aplicaciones, manejo de frameworks modernos y control de versiones.",9347735,medio_tiempo,senior,"C#, .NET, Azure",2025-05-17 19:14:17,True,ingenieria_informatica
Ingeniero de Seguridad,ETB,Cali,ETB esta buscando un ingeniero de seguridad apasionado por la tecnologia para trabajar en Cali. El profesional sera responsable de identificar y mitigar vulnerabilidades.,"Auditar sistemas, implementar controles de seguridad y capacitar al equipo en mejores practicas.","Formacion en ciberseguridad, manejo de firewalls y herramientas de auditoria.",5807612,medio_tiempo,mid,"Linux, Kubernetes, Terraform",2025-05-17 19:15:17,True,ingenieria_informatica
Ingeniero de Redes,Rappi,Bucaramanga,"Rappi esta buscando un ingeniero de redes apasionado por la tecnologia para trabajar en Bucaramanga. Encargado del diseno, implementacion y mantenimiento de redes seguras y eficientes.","Configurar routers y switches, monitorear trafico y resolver incidencias.","Certificaciones en redes (CCNA/CCNP), experiencia con configuraciones de red.",2593668,medio_tiempo,junior,"C#, .NET, Azure",2025-05-17 19:16:17,True,ingenieria
Ingeniero de Redes,Postobon,Cartagena,"Postobon esta buscando un ingeniero de redes apasionado por la tecnologia para trabajar en Cartagena. Encargado del diseno, implementacion y mantenimiento de redes seguras y eficientes.","Configurar routers y switches, monitorear trafico y resolver incidencias.","Certificaciones en redes (CCNA/CCNP), experiencia con configuraciones de red.",6393668,pasantia,mid,"Python, SQL, AWS",2025-05-17 19:17:17,True,ingenieria_informatica
Ingeniero Mecanico,Postobon,Pereira,Postobon esta buscando un ingeniero mecanico apasionado por la tecnologia para trabajar en Pereira. Participara en diversos proyectos tecnicos de la compania.,"Colaborar en proyectos tecnicos, realizar mantenimiento de sistemas y proponer mejoras tecnologicas.","Formacion en ingenieria o area afin, experiencia tecnica relevante y capacidad de trabajo en equipo.",5402263,pasantia,mid,"Python, SQL, AWS",2025-05-17 19:18:17,True,ingenieria
Ingeniero QA,ETB,Medellin,ETB esta buscando un ingeniero qa apasionado por la tecnologia para trabajar en Medellin. Responsable de la calidad del software a traves de pruebas manuales y automatizadas.,"Crear planes de prueba, ejecutar pruebas automatizadas y documentar errores.",Experiencia con herramientas de pruebas como Selenium y metodologias Agile.,5074155,pasantia,mid,"Python, SQL, AWS",2025-05-17 19:19:17,True,ingenieria
Ingeniero de Machine Learning,Alkosto,Bogota,Alkosto esta buscando un ingeniero de machine learning apasionado por la tecnologia para trabajar en Bogota. Desarrollara modelos de aprendizaje automatico aplicables a problemas reales.,"Entrenar y evaluar modelos, seleccionar algoritmos adecuados y preparar datasets.","Manejo de librerias como TensorFlow o scikit-learn, y conocimientos estadisticos.",3023348,medio_tiempo,junior,"Java, Spring, Docker",2025-05-17 19:20:17,True,ingenieria_informatica
Ingeniero Industrial,Avianca,Cartagena,Avianca esta buscando un ingeniero industrial apasionado por la tecnologia para trabajar en Cartagena. Participara en diversos proyectos tecnicos de la compania.,"Colaborar en proyectos tecnicos, realizar mantenimiento de sistemas y proponer mejoras tecnologicas.","Formacion en ingenieria o area afin, experiencia tecnica relevante y capacidad de trabajo en equipo.",2585939,medio_tiempo,junior,"Python, SQL, AWS",2025-05-17 19:21:17,True,ingenieria_informatica
Ingeniero de Software,Postobon,Medellin,Postobon esta buscando un ingeniero de software apasionado por la tecnologia para trabajar en Medellin. El candidato ideal debera participar en el ciclo completo de desarrollo de software.,"Desarrollar y mantener aplicaciones escalables, colaborar con otros desarrolladores y participar en revisiones de codigo.","Experiencia en desarrollo de aplicaciones, manejo de frameworks modernos y control de versiones.",7194600,pasantia,senior,"Linux, Kubernetes, Terraform",2025-05-17 19:22:17,True,ingenieria_informatica
Ingeniero Backend,Sura,Pereira,Sura esta buscando un ingeniero backend apasionado por la tecnologia para trabajar en Pereira. Participara en diversos proyectos tecnicos de la compania.,"Colaborar en proyectos tecnicos, realizar mantenimiento de sistemas y proponer mejoras tecnologicas.","Formacion en ingenieria o area afin, experiencia tecnica relevante y capacidad de trabajo en equipo.",8516047,tiempo_completo,senior,"Linux, Kubernetes, Terraform",2025-05-17 19:23:17,True,ingenieria
Ingeniero de Machine Learning,Avianca,Pereira,Avianca esta buscando un ingeniero de machine learning apasionado por la tecnologia para trabajar en Pereira. Desarrollara modelos de aprendizaje automatico aplicables a problemas reales.,"Entrenar y evaluar modelos, seleccionar algoritmos adecuados y preparar datasets.","Manejo de librerias como TensorFlow o scikit-learn, y conocimientos estadisticos.",6964967,medio_tiempo,mid,"Linux, Kubernetes, Terraform",2025-05-17 19:24:17,True,ingenieria
Ingeniero de Sistemas,Rappi,Medellin,Rappi esta buscando un ingeniero de sistemas apasionado por la tecnologia para trabajar en Medellin. Participara en diversos proyectos tecnicos de la compania.,"Colaborar en proyectos tecnicos, realizar mantenimiento de sistemas y proponer mejoras tecnologicas.","Formacion en ingenieria o area afin, experiencia tecnica relevante y capacidad de trabajo en equipo.",11106243,pasantia,senior,"Java, Spring, Docker",2025-05-17 19:25:17,True,ingenieria_informatica
Ingeniero de Seguridad,Bancolombia,Bucaramanga,Bancolombia esta buscando un ingeniero de seguridad apasionado por la tecnologia para trabajar en Bucaramanga. El profesional sera responsable de identificar y mitigar vulnerabilidades.,"Auditar sistemas, implementar controles de seguridad y capacitar al equipo en mejores practicas.","Formacion en ciberseguridad, manejo de firewalls y herramientas de auditoria.",3930495,tiempo_completo,junior,"GCP, BigQuery, Airflow",2025-05-17 19:26:17,True,ingenieria_informatica
Ingeniero Mecanico,Postobon,Bogota,Postobon esta buscando un ingeniero mecanico apasionado por la tecnologia para trabajar en Bogota. Participara en diversos proyectos tecnicos de la compania.,"Colaborar en proyectos tecnicos, realizar mantenimiento de sistemas y proponer mejoras tecnologicas.","Formacion en ingenieria o area afin, experiencia tecnica relevante y capacidad de trabajo en equipo.",9118359,medio_tiempo,senior,"C#, .NET, Azure",2025-05-17 19:27:17,True,ingenieria
Ingeniero Civil,ISA,Cali,ISA esta buscando un ingeniero civil apasionado por la tecnologia para trabajar en Cali. Participara en diversos proyectos tecnicos de la compania.,"Colaborar en proyectos tecnicos, realizar mantenimiento de sistemas y proponer mejoras tecnologicas.","Formacion en ingenieria o area afin, experiencia tecnica relevante y capacidad de trabajo en equipo.",7754128,pasantia,senior,"JavaScript, React, Node.js",2025-05-17 19:28:17,True,ingenieria_informatica
Ingeniero Backend,Postobon,Cali,Postobon esta buscando un ingeniero backend apasionado por la tecnologia para trabajar en Cali. Participara en diversos proyectos tecnicos de la compania.,"Colaborar en proyectos tecnicos, realizar mantenimiento de sistemas y proponer mejoras tecnologicas.","Formacion en ingenieria o area afin, experiencia tecnica relevante y capacidad de trabajo en equipo.",5313308,medio_tiempo,mid,"C#, .NET, Azure",2025-05-17 19:29:17,True,ingenieria_informatica
Ingeniero QA,Tigo,Barranquilla,Tigo esta buscando un ingeniero qa apasionado por la tecnologia para trabajar en Barranquilla. Responsable de la calidad del software a traves de pruebas manuales y automatizadas.,"Crear planes de prueba, ejecutar pruebas automatizadas y documentar errores.",Experiencia con herramientas de pruebas como Selenium y metodologias Agile.,6685692,tiempo_completo,mid,"Linux, Kubernetes, Terraform",2025-05-17 19:30:17,True,ingenieria_informatica
Ingeniero de Software,Rappi,Bucaramanga,Rappi esta buscando un ingeniero de software apasionado por la tecnologia para trabajar en Bucaramanga. El candidato ideal debera participar en el ciclo completo de desarrollo de software.,"Desarrollar y mantener aplicaciones escalables, colaborar con otros desarrolladores y participar en revisiones de codigo.","Experiencia en desarrollo de aplicaciones, manejo de frameworks modernos y control de versiones.",2508924,tiempo_completo,junior,"Python, SQL, AWS",2025-05-17 19:31:17,True,ingenieria
Ingeniero de Redes,Claro Colombia,Bogota,"Claro Colombia esta buscando un ingeniero de redes apasionado por la tecnologia para trabajar en Bogota. Encargado del diseno, implementacion y mantenimiento de redes seguras y eficientes.","Configurar routers y switches, monitorear trafico y resolver incidencias.","Certificaciones en redes (CCNA/CCNP), experiencia con configuraciones de red.",3391806,pasantia,junior,"Python, SQL, AWS",2025-05-17 19:32:17,True,ingenieria
Ingeniero de Automatizacion,Carvajal,Barranquilla,Carvajal esta buscando un ingeniero de automatizacion apasionado por la tecnologia para trabajar en Barranquilla. Participara en diversos proyectos tecnicos de la compania.,"Colaborar en proyectos tecnicos, realizar mantenimiento de sistemas y proponer mejoras tecnologicas.","Formacion en ingenieria o area afin, experiencia tecnica relevante y capacidad de trabajo en equipo.",3604950,pasantia,junior,"GCP, BigQuery, Airflow",2025-05-17 19:33:17,True,ingenieria
Ingeniero de Seguridad,Postobon,Barranquilla,Postobon esta buscando un ingeniero de seguridad apasionado por la tecnologia para trabajar en Barranquilla. El profesional sera responsable de identificar y mitigar vulnerabilidades.,"Auditar sistemas, implementar controles de seguridad y capacitar al equipo en mejores practicas.","Formacion en ciberseguridad, manejo de firewalls y herramientas de auditoria.",10592047,pasantia,senior,"JavaScript, React, Node.js",2025-05-17 19:34:17,True,ingenieria
Ingeniero de Automatizacion,ETB,Bogota,ETB esta buscando un ingeniero de automatizacion apasionado por la tecnologia para trabajar en Bogota. Participara en diversos proyectos tecnicos de la compania.,"Colaborar en proyectos tecnicos, realizar mantenimiento de sistemas y proponer mejoras tecnologicas.","Formacion en ingenieria o area afin, experiencia tecnica relevante y capacidad de trabajo en equipo.",3371287,pasantia,junior,"Java, Spring, Docker",2025-05-17 19:35:17,True,ingenieria
Ingeniero de Seguridad,ETB,Cartagena,ETB esta buscando un ingeniero de seguridad apasionado por la tecnologia para trabajar en Cartagena. El profesional sera responsable de identificar y mitigar vulnerabilidades.,"Auditar sistemas, implementar controles de seguridad y capacitar al equipo en mejores practicas.","Formacion en ciberseguridad, manejo de firewalls y herramientas de auditoria.",5261874,medio_tiempo,mid,"Python, SQL, AWS",2025-05-17 19:36:17,True,ingenieria
Ingeniero de Automatizacion,Carvajal,Barranquilla,Carvajal esta buscando un ingeniero de automatizacion apasionado por la tecnologia para trabajar en Barranquilla. Participara en diversos proyectos tecnicos de la compania.,"Colaborar en proyectos tecnicos, realizar mantenimiento de sistemas y proponer mejoras tecnologicas.","Formacion en ingenieria o area afin, experiencia tecnica relevante y capacidad de trabajo en equipo.",8240452,tiempo_completo,senior,"C#, .NET, Azure",2025-05-17 19:37:17,True,ingenieria
Ingeniero de Software,Rappi,Cartagena,Rappi esta buscando un ingeniero de software apasionado por la tecnologia para trabajar en Cartagena. El candidato ideal debera participar en el ciclo completo de desarrollo de software.,"Desarrollar y mantener aplicaciones escalables, colaborar con otros desarrolladores y participar en revisiones de codigo.","Experiencia en desarrollo de aplicaciones, manejo de frameworks modernos y control de versiones.",2982687,medio_tiempo,junior,"GCP, BigQuery, Airflow",2025-05-17 19:38:17,True,ingenieria
Ingeniero de Automatizacion,Rappi,Cali,Rappi esta buscando un ingeniero de automatizacion apasionado por la tecnologia para trabajar en Cali. Participara en diversos proyectos tecnicos de la compania.,"Colaborar en proyectos tecnicos, realizar mantenimiento de sistemas y proponer mejoras tecnologicas.","Formacion en ingenieria o area afin, experiencia tecnica relevante y capacidad de trabajo en equipo.",6173787,pasantia,mid,"Java, Spring, Docker",2025-05-17 19:39:17,True,ingenieria
Ingeniero DevOps,Grupo Nutresa,Cartagena,Grupo Nutresa esta buscando un ingeniero devops apasionado por la tecnologia para trabajar en Cartagena. El rol implica automatizar y optimizar los pipelines de entrega continua.,"Configurar entornos de despliegue continuo, gestionar infraestructura como codigo y monitorear servicios.","Familiaridad con herramientas CI/CD, contenedores y servicios en la nube.",10730035,pasantia,senior,"Linux, Kubernetes, Terraform",2025-05-17 19:40:17,True,ingenieria_informatica
Ingeniero Frontend,Avianca,Bogota,Avianca esta buscando un ingeniero frontend apasionado por la tecnologia para trabajar en Bogota. Participara en diversos proyectos tecnicos de la compania.,"Colaborar en proyectos tecnicos, realizar mantenimiento de sistemas y proponer mejoras tecnologicas.","Formacion en ingenieria o area afin, experiencia tecnica relevante y capacidad de trabajo en equipo.",11304918,medio_tiempo,senior,"Python, SQL, AWS",2025-05-17 19:41:17,True,ingenieria
Ingeniero Mecanico,Grupo Nutresa,Bucaramanga,Grupo Nutresa esta buscando un ingeniero mecanico apasionado por la tecnologia para trabajar en Bucaramanga. Participara en diversos proyectos tecnicos de la compania.,"Colaborar en proyectos tecnicos, realizar mantenimiento de sistemas y proponer mejoras tecnologicas.","Formacion en ingenieria o area afin, experiencia tecnica relevante y capacidad de trabajo en equipo.",7222575,pasantia,senior,"JavaScript, React, Node.js",2025-05-17 19:42:17,True,ingenieria
Ingeniero de Software,Bancolombia,Bogota,Bancolombia esta buscando un ingeniero de software apasionado por la tecnologia para trabajar en Bogota. El candidato ideal debera participar en el ciclo completo de desarrollo de software.,"Desarrollar y mantener aplicaciones escalables, colaborar con otros desarrolladores y participar en revisiones de codigo.","Experiencia en desarrollo de aplicaciones, manejo de frameworks modernos y control de versiones.",8339261,tiempo_completo,senior,"C#, .NET, Azure",2025-05-17 19:43:17,True,ingenieria_informatica
Ingeniero Electronico,ISA,Cali,ISA esta buscando un ingeniero electronico apasionado por la tecnologia para trabajar en Cali. Participara en diversos proyectos tecnicos de la compania.,"Colaborar en proyectos tecnicos, realizar mantenimiento de sistemas y proponer mejoras tecnologicas.","Formacion en ingenieria o area afin, experiencia tecnica relevante y capacidad de trabajo en equipo.",4480824,medio_tiempo,mid,"C#, .NET, Azure",2025-05-17 19:44:17,True,ingenieria_informatica
Ingeniero Industrial,Claro Colombia,Cartagena,Claro Colombia esta buscando un ingeniero industrial apasionado por la tecnologia para trabajar en Cartagena. Participara en diversos proyectos tecnicos de la compania.,"Colaborar en proyectos tecnicos, realizar mantenimiento de sistemas y proponer mejoras tecnologicas.","Formacion en ingenieria o area afin, experiencia tecnica relevante y capacidad de trabajo en equipo.",10504986,medio_tiempo,senior,"GCP, BigQuery, Airflow",2025-05-17 19:45:17,True,ingenieria
Ingeniero de Redes,Grupo Exito,Bogota,"Grupo Exito esta buscando un ingeniero de redes apasionado por la tecnologia para trabajar en Bogota. Encargado del diseno, implementacion y mantenimiento de redes seguras y eficientes.","Configurar routers y switches, monitorear trafico y resolver incidencias.","Certificaciones en redes (CCNA/CCNP), experiencia con configuraciones de red.",6444109,medio_tiempo,mid,"C#, .NET, Azure",2025-05-17 19:46:17,True,ingenieria
Ingeniero de Sistemas,Avianca,Cali,Avianca esta buscando un ingeniero de sistemas apasionado por la tecnologia para trabajar en Cali. Participara en diversos proyectos tecnicos de la compania.,"Colaborar en proyectos tecnicos, realizar mantenimiento de sistemas y proponer mejoras tecnologicas.","Formacion en ingenieria o area afin, experiencia tecnica relevante y capacidad de trabajo en equipo.",4665004,tiempo_completo,mid,"C#, .NET, Azure",2025-05-17 19:47:17,True,ingenieria_informatica
Ingeniero de Datos,ETB,Bucaramanga,ETB esta buscando un ingeniero de datos apasionado por la tecnologia para trabajar en Bucaramanga. Este rol implica el manejo y procesamiento de grandes volumenes de datos para generar valor.,"Construir pipelines de datos, asegurar la calidad de los datos y colaborar con analistas.","Conocimiento en bases de datos, SQL y herramientas de procesamiento como Spark o Hadoop.",6137259,tiempo_completo,mid,"C#, .NET, Azure",2025-05-17 19:48:17,True,ingenieria
Ingeniero de Sistemas,Grupo Energia Bogota,Cali,Grupo Energia Bogota esta buscando un ingeniero de sistemas apasionado por la tecnologia para trabajar en Cali. Participara en diversos proyectos tecnicos de la compania.,"Colaborar en proyectos tecnicos, realizar mantenimiento de sistemas y proponer mejoras tecnologicas.","Formacion en ingenieria o area afin, experiencia tecnica relevante y capacidad de trabajo en equipo.",2927327,tiempo_completo,junior,"Java, Spring, Docker",2025-05-17 19:49:17,True,ingenieria
Ingeniero de Redes,ISA,Cali,"ISA esta buscando un ingeniero de redes apasionado por la tecnologia para trabajar en Cali. Encargado del diseno, implementacion y mantenimiento de redes seguras y eficientes.","Configurar routers y switches, monitorear trafico y resolver incidencias.","Certificaciones en redes (CCNA/CCNP), experiencia con configuraciones de red.",4470365,tiempo_completo,mid,"Linux, Kubernetes, Terraform",2025-05-17 19:50:17,True,ingenieria_informatica
Ingeniero de Seguridad,Avianca,Barranquilla,Avianca esta buscando un ingeniero de seguridad apasionado por la tecnologia para trabajar en Barranquilla. El profesional sera responsable de identificar y mitigar vulnerabilidades.,"Auditar sistemas, implementar controles de seguridad y capacitar al equipo en mejores practicas.","Formacion en ciberseguridad, manejo de firewalls y herramientas de auditoria.",2733715,tiempo_completo,junior,"JavaScript, React, Node.js",2025-05-17 19:51:17,True,ingenieria_informatica
Ingeniero de Seguridad,Grupo Exito,Bogota,Grupo Exito esta buscando un ingeniero de seguridad apasionado por la tecnologia para trabajar en Bogota. El profesional sera responsable de identificar y mitigar vulnerabilidades.,"Auditar sistemas, implementar controles de seguridad y capacitar al equipo en mejores practicas.","Formacion en ciberseguridad, manejo de firewalls y herramientas de auditoria.",2820437,medio_tiempo,junior,"JavaScript, React, Node.js",2025-05-17 19:52:17,True,ingenieria
Ingeniero de Datos,Avianca,Bogota,Avianca esta buscando un ingeniero de datos apasionado por la tecnologia para trabajar en Bogota. Este rol implica el manejo y procesamiento de grandes volumenes de datos para generar valor.,"Construir pipelines de datos, asegurar la calidad de los datos y colaborar con analistas.","Conocimiento en bases de datos, SQL y herramientas de procesamiento como Spark o Hadoop.",4720917,tiempo_completo,mid,"GCP, BigQuery, Airflow",2025-05-17 19:53:17,True,ingenieria_informatica
Ingeniero DevOps,Tigo,Pereira,Tigo esta buscando un ingeniero devops apasionado por la tecnologia para trabajar en Pereira. El rol implica automatizar y optimizar los pipelines de entrega continua.,"Configurar entornos de despliegue continuo, gestionar infraestructura como codigo y monitorear servicios.","Familiaridad con herramientas CI/CD, contenedores y servicios en la nube.",4441159,pasantia,mid,"JavaScript, React, Node.js",2025-05-17 19:54:17,True,ingenieria_informatica
Ingeniero DevOps,Claro Colombia,Barranquilla,Claro Colombia esta buscando un ingeniero devops apasionado por la tecnologia para trabajar en Barranquilla. El rol implica automatizar y optimizar los pipelines de entrega continua.,"Configurar entornos de despliegue continuo, gestionar infraestructura como codigo y monitorear servicios.","Familiaridad con herramientas CI/CD, contenedores y servicios en la nube.",7900734,medio_tiempo,senior,"JavaScript, React, Node.js",2025-05-17 19:55:17,True,ingenieria_informatica
Ingeniero de Automatizacion,Sura,Barranquilla,Sura esta buscando un ingeniero de automatizacion apasionado por la tecnologia para trabajar en Barranquilla. Participara en diversos proyectos tecnicos de la compania.,"Colaborar en proyectos tecnicos, realizar mantenimiento de sistemas y proponer mejoras tecnologicas.","Formacion en ingenieria o area afin, experiencia tecnica relevante y capacidad de trabajo en equipo.",5282819,tiempo_completo,mid,"Java, Spring, Docker",2025-05-17 19:56:17,True,ingenieria
Ingeniero Industrial,ISA,Cartagena,ISA esta buscando un ingeniero industrial apasionado por la tecnologia para trabajar en Cartagena. Participara en diversos proyectos tecnicos de la compania.,"Colaborar en proyectos tecnicos, realizar mantenimiento de sistemas y proponer mejoras tecnologicas.","Formacion en ingenieria o area afin, experiencia tecnica relevante y capacidad de trabajo en equipo.",11176855,tiempo_completo,senior,"JavaScript, React, Node.js",2025-05-17 19:57:17,True,ingenieria
Ingeniero Electronico,Carvajal,Pereira,Carvajal esta buscando un ingeniero electronico apasionado por la tecnologia para trabajar en Pereira. Participara en diversos proyectos tecnicos de la compania.,"Colaborar en proyectos tecnicos, realizar mantenimiento de sistemas y proponer mejoras tecnologicas.","Formacion en ingenieria o area afin, experiencia tecnica relevante y capacidad de trabajo en equipo.",7612297,medio_tiempo,senior,"Python, SQL, AWS",2025-05-17 19:58:17,True,ingenieria
Ingeniero de Datos,Alkosto,Pereira,Alkosto esta buscando un ingeniero de datos apasionado por la tecnologia para trabajar en Pereira. Este rol implica el manejo y procesamiento de grandes volumenes de datos para generar valor.,"Construir pipelines de datos, asegurar la calidad de los datos y colaborar con analistas.","Conocimiento en bases de datos, SQL y herramientas de procesamiento como Spark o Hadoop.",5327154,pasantia,mid,"C#, .NET, Azure",2025-05-17 19:59:17,True,ingenieria
Ingeniero de Machine Learning,Alkosto,Cartagena,Alkosto esta buscando un ingeniero de machine learning apasionado por la tecnologia para trabajar en Cartagena. Desarrollara modelos de aprendizaje automatico aplicables a problemas reales.,"Entrenar y evaluar modelos, seleccionar algoritmos adecuados y preparar datasets.","Manejo de librerias como TensorFlow o scikit-learn, y conocimientos estadisticos.",10031240,tiempo_completo,senior,"JavaScript, React, Node.js",2025-05-17 20:00:17,True,ingenieria_informatica
Ingeniero Mecanico,Rappi,Medellin,Rappi esta buscando un ingeniero mecanico apasionado por la tecnologia para trabajar en Medellin. Participara en diversos proyectos tecnicos de la compania.,"Colaborar en proyectos tecnicos, realizar mantenimiento de sistemas y proponer mejoras tecnologicas.","Formacion en ingenieria o area afin, experiencia tecnica relevante y capacidad de trabajo en equipo.",3355963,medio_tiempo,junior,"GCP, BigQuery, Airflow",2025-05-17 20:01:17,True,ingenieria_informatica
Ingeniero Mecanico,Avianca,Pereira,Avianca esta buscando un ingeniero mecanico apasionado por la tecnologia para trabajar en Pereira. Participara en diversos proyectos tecnicos de la compania.,"Colaborar en proyectos tecnicos, realizar mantenimiento de sistemas y proponer mejoras tecnologicas.","Formacion en ingenieria o area afin, experiencia tecnica relevante y capacidad de trabajo en equipo.",3891552,pasantia,junior,"C#, .NET, Azure",2025-05-17 20:02:17,True,ingenieria
Ingeniero de Seguridad,Carvajal,Pereira,Carvajal esta buscando un ingeniero de seguridad apasionado por la tecnologia para trabajar en Pereira. El profesional sera responsable de identificar y mitigar vulnerabilidades.,"Auditar sistemas, implementar controles de seguridad y capacitar al equipo en mejores practicas.","Formacion en ciberseguridad, manejo de firewalls y herramientas de auditoria.",8518308,tiempo_completo,senior,"JavaScript, React, Node.js",2025-05-17 20:03:17,True,ingenieria
Ingeniero Frontend,Sura,Bucaramanga,Sura esta buscando un ingeniero frontend apasionado por la tecnologia para trabajar en Bucaramanga. Participara en diversos proyectos tecnicos de la compania.,"Colaborar en proyectos tecnicos, realizar mantenimiento de sistemas y proponer mejoras tecnologicas.","Formacion en ingenieria o area afin, experiencia tecnica relevante y capacidad de trabajo en equipo.",9632811,medio_tiempo,senior,"Python, SQL, AWS",2025-05-17 20:04:17,True,ingenieria
Ingeniero de Redes,ETB,Bucaramanga,"ETB esta buscando un ingeniero de redes apasionado por la tecnologia para trabajar en Bucaramanga. Encargado del diseno, implementacion y mantenimiento de redes seguras y eficientes.","Configurar routers y switches, monitorear trafico y resolver incidencias.","Certificaciones en redes (CCNA/CCNP), experiencia con configuraciones de red.",7877208,pasantia,senior,"GCP, BigQuery, Airflow",2025-05-17 20:05:17,True,ingenieria
Ingeniero de Software,Alkosto,Barranquilla,Alkosto esta buscando un ingeniero de software apasionado por la tecnologia para trabajar en Barranquilla. El candidato ideal debera participar en el ciclo completo de desarrollo de software.,"Desarrollar y mantener aplicaciones escalables, colaborar con otros desarrolladores y participar en revisiones de codigo.","Experiencia en desarrollo de aplicaciones, manejo de frameworks modernos y control de versiones.",3073201,pasantia,junior,"C#, .NET, Azure",2025-05-17 20:06:17,True,ingenieria
Ingeniero Frontend,Grupo Exito,Cali,Grupo Exito esta buscando un ingeniero frontend apasionado por la tecnologia para trabajar en Cali. Participara en diversos proyectos tecnicos de la compania.,"Colaborar en proyectos tecnicos, realizar mantenimiento de sistemas y proponer mejoras tecnologicas.","Formacion en ingenieria o area afin, experiencia tecnica relevante y capacidad de trabajo en equipo.",7282093,pasantia,senior,"GCP, BigQuery, Airflow",2025-05-17 20:07:17,True,ingenieria
Ingeniero Mecanico,Postobon,Barranquilla,Postobon esta buscando un ingeniero mecanico apasionado por la tecnologia para trabajar en Barranquilla. Participara en diversos proyectos tecnicos de la compania.,"Colaborar en proyectos tecnicos, realizar mantenimiento de sistemas y proponer mejoras tecnologicas.","Formacion en ingenieria o area afin, experiencia tecnica relevante y capacidad de trabajo en equipo.",8643336,tiempo_completo,senior,"Java, Spring, Docker",2025-05-17 20:08:17,True,ingenieria_informatica
Ingeniero Frontend,Claro Colombia,Cartagena,Claro Colombia esta buscando un ingeniero frontend apasionado por la tecnologia para trabajar en Cartagena. Participara en diversos proyectos tecnicos de la compania.,"Colaborar en proyectos tecnicos, realizar mantenimiento de sistemas y proponer mejoras tecnologicas.","Formacion en ingenieria o area afin, experiencia tecnica relevante y capacidad de trabajo en equipo.",10757938,pasantia,senior,"GCP, BigQuery, Airflow",2025-05-17 20:09:17,True,ingenieria
Ingeniero de Seguridad,Tigo,Medellin,Tigo esta buscando un ingeniero de seguridad apasionado por la tecnologia para trabajar en Medellin. El profesional sera responsable de identificar y mitigar vulnerabilidades.,"Auditar sistemas, implementar controles de seguridad y capacitar al equipo en mejores practicas.","Formacion en ciberseguridad, manejo de firewalls y herramientas de auditoria.",9289028,medio_tiempo,senior,"GCP, BigQuery, Airflow",2025-05-17 20:10:17,True,ingenieria
Ingeniero DevOps,Postobon,Barranquilla,Postobon esta buscando un ingeniero devops apasionado por la tecnologia para trabajar en Barranquilla. El rol implica automatizar y optimizar los pipelines de entrega continua.,"Configurar entornos de despliegue continuo, gestionar infraestructura como codigo y monitorear servicios.","Familiaridad con herramientas CI/CD, contenedores y servicios en la nube.",9977722,pasantia,senior,"C#, .NET, Azure",2025-05-17 20:11:17,True,ingenieria
Ingeniero de Automatizacion,Tigo,Cartagena,Tigo esta buscando un ingeniero de automatizacion apasionado por la tecnologia para trabajar en Cartagena. Participara en diversos proyectos tecnicos de la compania.,"Colaborar en proyectos tecnicos, realizar mantenimiento de sistemas y proponer mejoras tecnologicas.","Formacion en ingenieria o area afin, experiencia tecnica relevante y capacidad de trabajo en equipo.",8653911,medio_tiempo,senior,"Java, Spring, Docker",2025-05-17 20:12:17,True,ingenieria
Ingeniero Frontend,Postobon,Cali,Postobon esta buscando un ingeniero frontend apasionado por la tecnologia para trabajar en Cali. Participara en diversos proyectos tecnicos de la compania.,"Colaborar en proyectos tecnicos, realizar mantenimiento de sistemas y proponer mejoras tecnologicas.","Formacion en ingenieria o area afin, experiencia tecnica relevante y capacidad de trabajo en equipo.",3352153,medio_tiempo,junior,"Python, SQL, AWS",2025-05-17 20:13:17,True,ingenieria_informatica
Ingeniero Industrial,Grupo Nutresa,Cartagena,Grupo Nutresa esta buscando un ingeniero industrial apasionado por la tecnologia para trabajar en Cartagena. Participara en diversos proyectos tecnicos de la compania.,"Colaborar en proyectos tecnicos, realizar mantenimiento de sistemas y proponer mejoras tecnologicas.","Formacion en ingenieria o area afin, experiencia tecnica relevante y capacidad de trabajo en equipo.",7027194,tiempo_completo,senior,"C#, .NET, Azure",2025-05-17 20:14:17,True,ingenieria
Ingeniero Backend,ETB,Bucaramanga,ETB esta buscando un ingeniero backend apasionado por la tecnologia para trabajar en Bucaramanga. Participara en diversos proyectos tecnicos de la compania.,"Colaborar en proyectos tecnicos, realizar mantenimiento de sistemas y proponer mejoras tecnologicas.","Formacion en ingenieria o area afin, experiencia tecnica relevante y capacidad de trabajo en equipo.",9172119,pasantia,senior,"Python, SQL, AWS",2025-05-17 20:15:17,True,ingenieria
Ingeniero de Software,Carvajal,Medellin,Carvajal esta buscando un ingeniero de software apasionado por la tecnologia para trabajar en Medellin. El candidato ideal debera participar en el ciclo completo de desarrollo de software.,"Desarrollar y mantener aplicaciones escalables, colaborar con otros desarrolladores y participar en revisiones de codigo.","Experiencia en desarrollo de aplicaciones, manejo de frameworks modernos y control de versiones.",8408974,tiempo_completo,senior,"GCP, BigQuery, Airflow",2025-05-17 20:16:17,True,ingenieria
Ingeniero QA,Postobon,Medellin,Postobon esta buscando un ingeniero qa apasionado por la tecnologia para trabajar en Medellin. Responsable de la calidad del software a traves de pruebas manuales y automatizadas.,"Crear planes de prueba, ejecutar pruebas automatizadas y documentar errores.",Experiencia con herramientas de pruebas como Selenium y metodologias Agile.,5278600,medio_tiempo,mid,"JavaScript, React, Node.js",2025-05-17 20:17:17,True,ingenieria_informatica
Ingeniero DevOps,Postobon,Pereira,Postobon esta buscando un ingeniero devops apasionado por la tecnologia para trabajar en Pereira. El rol implica automatizar y optimizar los pipelines de entrega continua.,"Configurar entornos de despliegue continuo, gestionar infraestructura como codigo y monitorear servicios.","Familiaridad con herramientas CI/CD, contenedores y servicios en la nube.",5844812,pasantia,mid,"Python, SQL, AWS",2025-05-17 20:18:17,True,ingenieria
Ingeniero de Automatizacion,Alkosto,Cartagena,Alkosto esta buscando un ingeniero de automatizacion apasionado por la tecnologia para trabajar en Cartagena. Participara en diversos proyectos tecnicos de la compania.,"Colaborar en proyectos tecnicos, realizar mantenimiento de sistemas y proponer mejoras tecnologicas.","Formacion en ingenieria o area afin, experiencia tecnica relevante y capacidad de trabajo en equipo.",5728855,medio_tiempo,mid,"Linux, Kubernetes, Terraform",2025-05-17 20:19:17,True,ingenieria_informatica
Ingeniero de Sistemas,Grupo Exito,Barranquilla,Grupo Exito esta buscando un ingeniero de sistemas apasionado por la tecnologia para trabajar en Barranquilla. Participara en diversos proyectos tecnicos de la compania.,"Colaborar en proyectos tecnicos, realizar mantenimiento de sistemas y proponer mejoras tecnologicas.","Formacion en ingenieria o area afin, experiencia tecnica relevante y capacidad de trabajo en equipo.",3036413,pasantia,junior,"Java, Spring, Docker",2025-05-17 20:20:17,True,ingenieria
Ingeniero Mecanico,Ecopetrol,Cali,Ecopetrol esta buscando un ingeniero mecanico apasionado por la tecnologia para trabajar en Cali. Participara en diversos proyectos tecnicos de la compania.,"Colaborar en proyectos tecnicos, realizar mantenimiento de sistemas y proponer mejoras tecnologicas.","Formacion en ingenieria o area afin, experiencia tecnica relevante y capacidad de trabajo en equipo.",7943607,medio_tiempo,senior,"GCP, BigQuery, Airflow",2025-05-17 20:21:17,True,ingenieria_informatica
Ingeniero DevOps,Grupo Exito,Pereira,Grupo Exito esta buscando un ingeniero devops apasionado por la tecnologia para trabajar en Pereira. El rol implica automatizar y optimizar los pipelines de entrega continua.,"Configurar entornos de despliegue continuo, gestionar infraestructura como codigo y monitorear servicios.","Familiaridad con herramientas CI/CD, contenedores y servicios en la nube.",11413261,pasantia,senior,"Linux, Kubernetes, Terraform",2025-05-17 20:22:17,True,ingenieria
Ingeniero Electronico,Postobon,Pereira,Postobon esta buscando un ingeniero electronico apasionado por la tecnologia para trabajar en Pereira. Participara en diversos proyectos tecnicos de la compania.,"Colaborar en proyectos tecnicos, realizar mantenimiento de sistemas y proponer mejoras tecnologicas.","Formacion en ingenieria o area afin, experiencia tecnica relevante y capacidad de trabajo en equipo.",5577564,pasantia,mid,"Linux, Kubernetes, Terraform",2025-05-17 20:23:17,True,ingenieria
Ingeniero de Datos,Grupo Nutresa,Pereira,Grupo Nutresa esta buscando un ingeniero de datos apasionado por la tecnologia para trabajar en Pereira. Este rol implica el manejo y procesamiento de grandes volumenes de datos para generar valor.,"Construir pipelines de datos, asegurar la calidad de los datos y colaborar con analistas.","Conocimiento en bases de datos, SQL y herramientas de procesamiento como Spark o Hadoop.",7109296,tiempo_completo,senior,"JavaScript, React, Node.js",2025-05-17 20:24:17,True,ingenieria
Ingeniero QA,Postobon,Pereira,Postobon esta buscando un ingeniero qa apasionado por la tecnologia para trabajar en Pereira. Responsable de la calidad del software a traves de pruebas manuales y automatizadas.,"Crear planes de prueba, ejecutar pruebas automatizadas y documentar errores.",Experiencia con herramientas de pruebas como Selenium y metodologias Agile.,6205981,tiempo_completo,mid,"Java, Spring, Docker",2025-05-17 20:25:17,True,ingenieria_informatica
Ingeniero Electronico,Carvajal,Cali,Carvajal esta buscando un ingeniero electronico apasionado por la tecnologia para trabajar en Cali. Participara en diversos proyectos tecnicos de la compania.,"Colaborar en proyectos tecnicos, realizar mantenimiento de sistemas y proponer mejoras tecnologicas.","Formacion en ingenieria o area afin, experiencia tecnica relevante y capacidad de trabajo en equipo.",3113219,medio_tiempo,junior,"Python, SQL, AWS",2025-05-17 20:26:17,True,ingenieria
Ingeniero Industrial,Grupo Nutresa,Cali,Grupo Nutresa esta buscando un ingeniero industrial apasionado por la tecnologia para trabajar en Cali. Participara en diversos proyectos tecnicos de la compania.,"Colaborar en proyectos tecnicos, realizar mantenimiento de sistemas y proponer mejoras tecnologicas.","Formacion en ingenieria o area afin, experiencia tecnica relevante y capacidad de trabajo en equipo.",4963365,tiempo_completo,mid,"Linux, Kubernetes, Terraform",2025-05-17 20:27:17,True,ingenieria
Ingeniero de Seguridad,Grupo Energia Bogota,Medellin,Grupo Energia Bogota esta buscando un ingeniero de seguridad apasionado por la tecnologia para trabajar en Medellin. El profesional sera responsable de identificar y mitigar vulnerabilidades.,"Auditar sistemas, implementar controles de seguridad y capacitar al equipo en mejores practicas.","Formacion en ciberseguridad, manejo de firewalls y herramientas de auditoria.",7138151,medio_tiempo,senior,"Linux, Kubernetes, Terraform",2025-05-17 20:28:17,True,ingenieria_informatica
Ingeniero DevOps,Avianca,Bucaramanga,Avianca esta buscando un ingeniero devops apasionado por la tecnologia para trabajar en Bucaramanga. El rol implica automatizar y optimizar los pipelines de entrega continua.,"Configurar entornos de despliegue continuo, gestionar infraestructura como codigo y monitorear servicios.","Familiaridad con herramientas CI/CD, contenedores y servicios en la nube.",9144442,tiempo_completo,senior,"Java, Spring, Docker",2025-05-17 20:29:17,True,ingenieria
Ingeniero de Machine Learning,ETB,Bogota,ETB esta buscando un ingeniero de machine learning apasionado por la tecnologia para trabajar en Bogota. Desarrollara modelos de aprendizaje automatico aplicables a problemas reales.,"Entrenar y evaluar modelos, seleccionar algoritmos adecuados y preparar datasets.","Manejo de librerias como TensorFlow o scikit-learn, y conocimientos estadisticos.",3986717,medio_tiempo,junior,"JavaScript, React, Node.js",2025-05-17 20:30:17,True,ingenieria
Ingeniero de Machine Learning,Grupo Nutresa,Bogota,Grupo Nutresa esta buscando un ingeniero de machine learning apasionado por la tecnologia para trabajar en Bogota. Desarrollara modelos de aprendizaje automatico aplicables a problemas reales.,"Entrenar y evaluar modelos, seleccionar algoritmos adecuados y preparar datasets.","Manejo de librerias como TensorFlow o scikit-learn, y conocimientos estadisticos.",5698756,tiempo_completo,mid,"Linux, Kubernetes, Terraform",2025-05-17 20:31:17,True,ingenieria
Ingeniero de Sistemas,Carvajal,Bucaramanga,Carvajal esta buscando un ingeniero de sistemas apasionado por la tecnologia para trabajar en Bucaramanga. Participara en diversos proyectos tecnicos de la compania.,"Colaborar en proyectos tecnicos, realizar mantenimiento de sistemas y proponer mejoras tecnologicas.","Formacion en ingenieria o area afin, experiencia tecnica relevante y capacidad de trabajo en equipo.",10958738,tiempo_completo,senior,"Python, SQL, AWS",2025-05-17 20:32:17,True,ingenieria_informatica
Ingeniero Backend,Ecopetrol,Medellin,Ecopetrol esta buscando un ingeniero backend apasionado por la tecnologia para trabajar en Medellin. Participara en diversos proyectos tecnicos de la compania.,"Colaborar en proyectos tecnicos, realizar mantenimiento de sistemas y proponer mejoras tecnologicas.","Formacion en ingenieria o area afin, experiencia tecnica relevante y capacidad de trabajo en equipo.",6287933,medio_tiempo,mid,"Java, Spring, Docker",2025-05-17 20:33:17,True,ingenieria
Ingeniero de Redes,Grupo Nutresa,Pereira,"Grupo Nutresa esta buscando un ingeniero de redes apasionado por la tecnologia para trabajar en Pereira. Encargado del diseno, implementacion y mantenimiento de redes seguras y eficientes.","Configurar routers y switches, monitorear trafico y resolver incidencias.","Certificaciones en redes (CCNA/CCNP), experiencia con configuraciones de red.",4741291,tiempo_completo,mid,"GCP, BigQuery, Airflow",2025-05-17 20:34:17,True,ingenieria_informatica
Ingeniero de Redes,Bancolombia,Barranquilla,"Bancolombia esta buscando un ingeniero de redes apasionado por la tecnologia para trabajar en Barranquilla. Encargado del diseno, implementacion y mantenimiento de redes seguras y eficientes.","Configurar routers y switches, monitorear trafico y resolver incidencias.","Certificaciones en redes (CCNA/CCNP), experiencia con configuraciones de red.",3155394,pasantia,junior,"Java, Spring, Docker",2025-05-17 20:35:17,True,ingenieria
Ingeniero QA,Tigo,Barranquilla,Tigo esta buscando un ingeniero qa apasionado por la tecnologia para trabajar en Barranquilla. Responsable de la calidad del software a traves de pruebas manuales y automatizadas.,"Crear planes de prueba, ejecutar pruebas automatizadas y documentar errores.",Experiencia con herramientas de pruebas como Selenium y metodologias Agile.,7220740,medio_tiempo,senior,"Python, SQL, AWS",2025-05-17 20:36:17,True,ingenieria
Ingeniero de Automatizacion,Ecopetrol,Pereira,Ecopetrol esta buscando un ingeniero de automatizacion apasionado por la tecnologia para trabajar en Pereira. Participara en diversos proyectos tecnicos de la compania.,"Colaborar en proyectos tecnicos, realizar mantenimiento de sistemas y proponer mejoras tecnologicas.","Formacion en ingenieria o area afin, experiencia tecnica relevante y capacidad de trabajo en equipo.",6513047,tiempo_completo,mid,"Java, Spring, Docker",2025-05-17 20:37:17,True,ingenieria_informatica
Ingeniero Electronico,Rappi,Medellin,Rappi esta buscando un ingeniero electronico apasionado por la tecnologia para trabajar en Medellin. Participara en diversos proyectos tecnicos de la compania.,"Colaborar en proyectos tecnicos, realizar mantenimiento de sistemas y proponer mejoras tecnologicas.","Formacion en ingenieria o area afin, experiencia tecnica relevante y capacidad de trabajo en equipo.",11352035,pasantia,senior,"JavaScript, React, Node.js",2025-05-17 20:38:17,True,ingenieria_informatica
Ingeniero QA,Grupo Energia Bogota,Pereira,Grupo Energia Bogota esta buscando un ingeniero qa apasionado por la tecnologia para trabajar en Pereira. Responsable de la calidad del software a traves de pruebas manuales y automatizadas.,"Crear planes de prueba, ejecutar pruebas automatizadas y documentar errores.",Experiencia con herramientas de pruebas como Selenium y metodologias Agile.,8511695,medio_tiempo,senior,"GCP, BigQuery, Airflow",2025-05-17 20:39:17,True,ingenieria
Ingeniero de Software,Bancolombia,Barranquilla,Bancolombia esta buscando un ingeniero de software apasionado por la tecnologia para trabajar en Barranquilla. El candidato ideal debera participar en el ciclo completo de desarrollo de software.,"Desarrollar y mantener aplicaciones escalables, colaborar con otros desarrolladores y participar en revisiones de codigo.","Experiencia en desarrollo de aplicaciones, manejo de frameworks modernos y control de versiones.",3369296,pasantia,junior,"Java, Spring, Docker",2025-05-17 20:40:17,True,ingenieria_informatica
Ingeniero de Sistemas,Alkosto,Medellin,Alkosto esta buscando un ingeniero de sistemas apasionado por la tecnologia para trabajar en Medellin. Participara en diversos proyectos tecnicos de la compania.,"Colaborar en proyectos tecnicos, realizar mantenimiento de sistemas y proponer mejoras tecnologicas.","Formacion en ingenieria o area afin, experiencia tecnica relevante y capacidad de trabajo en equipo.",4025619,pasantia,mid,"Java, Spring, Docker",2025-05-17 20:41:17,True,ingenieria
Ingeniero QA,Claro Colombia,Cali,Claro Colombia esta buscando un ingeniero qa apasionado por la tecnologia para trabajar en Cali. Responsable de la calidad del software a traves de pruebas manuales y automatizadas.,"Crear planes de prueba, ejecutar pruebas automatizadas y documentar errores.",Experiencia con herramientas de pruebas como Selenium y metodologias Agile.,3027276,tiempo_completo,junior,"Java, Spring, Docker",2025-05-17 20:42:17,True,ingenieria_informatica
Ingeniero de Datos,Carvajal,Bogota,Carvajal esta buscando un ingeniero de datos apasionado por la tecnologia para trabajar en Bogota. Este rol implica el manejo y procesamiento de grandes volumenes de datos para generar valor.,"Construir pipelines de datos, asegurar la calidad de los datos y colaborar con analistas.","Conocimiento en bases de datos, SQL y herramientas de procesamiento como Spark o Hadoop.",6156443,medio_tiempo,mid,"JavaScript, React, Node.js",2025-05-17 20:43:17,True,ingenieria_informatica
Ingeniero de Datos,Postobon,Medellin,Postobon esta buscando un ingeniero de datos apasionado por la tecnologia para trabajar en Medellin. Este rol implica el manejo y procesamiento de grandes volumenes de datos para generar valor.,"Construir pipelines de datos, asegurar la calidad de los datos y colaborar con analistas.","Conocimiento en bases de datos, SQL y herramientas de procesamiento como Spark o Hadoop.",8536105,pasantia,senior,"C#, .NET, Azure",2025-05-17 20:44:17,True,ingenieria_informatica
Ingeniero de Seguridad,Grupo Nutresa,Bogota,Grupo Nutresa esta buscando un ingeniero de seguridad apasionado por la tecnologia para trabajar en Bogota. El profesional sera responsable de identificar y mitigar vulnerabilidades.,"Auditar sistemas, implementar controles de seguridad y capacitar al equipo en mejores practicas.","Formacion en ciberseguridad, manejo de firewalls y herramientas de auditoria.",2930681,tiempo_completo,junior,"JavaScript, React, Node.js",2025-05-17 20:45:17,True,ingenieria
Ingeniero de Machine Learning,Claro Colombia,Cali,Claro Colombia esta buscando un ingeniero de machine learning apasionado por la tecnologia para trabajar en Cali. Desarrollara modelos de aprendizaje automatico aplicables a problemas reales.,"Entrenar y evaluar modelos, seleccionar algoritmos adecuados y preparar datasets.","Manejo de librerias como TensorFlow o scikit-learn, y conocimientos estadisticos.",2578677,medio_tiempo,junior,"Linux, Kubernetes, Terraform",2025-05-17 20:46:17,True,ingenieria
Ingeniero Mecanico,Ecopetrol,Bucaramanga,Ecopetrol esta buscando un ingeniero mecanico apasionado por la tecnologia para trabajar en Bucaramanga. Participara en diversos proyectos tecnicos de la compania.,"Colaborar en proyectos tecnicos, realizar mantenimiento de sistemas y proponer mejoras tecnologicas.","Formacion en ingenieria o area afin, experiencia tecnica relevante y capacidad de trabajo en equipo.",11379380,pasantia,senior,"Java, Spring, Docker",2025-05-17 20:47:17,True,ingenieria_informatica
Ingeniero Electronico,Claro Colombia,Medellin,Claro Colombia esta buscando un ingeniero electronico apasionado por la tecnologia para trabajar en Medellin. Participara en diversos proyectos tecnicos de la compania.,"Colaborar en proyectos tecnicos, realizar mantenimiento de sistemas y proponer mejoras tecnologicas.","Formacion en ingenieria o area afin, experiencia tecnica relevante y capacidad de trabajo en equipo.",5648396,pasantia,mid,"Python, SQL, AWS",2025-05-17 20:48:17,True,ingenieria
Ingeniero Electronico,Bancolombia,Pereira,Bancolombia esta buscando un ingeniero electronico apasionado por la tecnologia para trabajar en Pereira. Participara en diversos proyectos tecnicos de la compania.,"Colaborar en proyectos tecnicos, realizar mantenimiento de sistemas y proponer mejoras tecnologicas.","Formacion en ingenieria o area afin, experiencia tecnica relevante y capacidad de trabajo en equipo.",2945371,medio_tiempo,junior,"GCP, BigQuery, Airflow",2025-05-17 20:49:17,True,ingenieria_informatica
Ingeniero Industrial,Sura,Barranquilla,Sura esta buscando un ingeniero industrial apasionado por la tecnologia para trabajar en Barranquilla. Participara en diversos proyectos tecnicos de la compania.,"Colaborar en proyectos tecnicos, realizar mantenimiento de sistemas y proponer mejoras tecnologicas.","Formacion en ingenieria o area afin, experiencia tecnica relevante y capacidad de trabajo en equipo.",4437912,pasantia,mid,"Linux, Kubernetes, Terraform",2025-05-17 20:50:17,True,ingenieria
Ingeniero Electronico,Grupo Energia Bogota,Cali,Grupo Energia Bogota esta buscando un ingeniero electronico apasionado por la tecnologia para trabajar en Cali. Participara en diversos proyectos tecnicos de la compania.,"Colaborar en proyectos tecnicos, realizar mantenimiento de sistemas y proponer mejoras tecnologicas.","Formacion en ingenieria o area afin, experiencia tecnica relevante y capacidad de trabajo en equipo.",11594547,tiempo_completo,senior,"Java, Spring, Docker",2025-05-17 20:51:17,True,ingenieria_informatica
Ingeniero de Sistemas,ETB,Pereira,ETB esta buscando un ingeniero de sistemas apasionado por la tecnologia para trabajar en Pereira. Participara en diversos proyectos tecnicos de la compania.,"Colaborar en proyectos tecnicos, realizar mantenimiento de sistemas y proponer mejoras tecnologicas.","Formacion en ingenieria o area afin, experiencia tecnica relevante y capacidad de trabajo en equipo.",5173249,tiempo_completo,mid,"Python, SQL, AWS",2025-05-17 20:52:17,True,ingenieria
Ingeniero Backend,Claro Colombia,Pereira,Claro Colombia esta buscando un ingeniero backend apasionado por la tecnologia para trabajar en Pereira. Participara en diversos proyectos tecnicos de la compania.,"Colaborar en proyectos tecnicos, realizar mantenimiento de sistemas y proponer mejoras tecnologicas.","Formacion en ingenieria o area afin, experiencia tecnica relevante y capacidad de trabajo en equipo.",4063908,pasantia,mid,"Linux, Kubernetes, Terraform",2025-05-17 20:53:17,True,ingenieria_informatica
Ingeniero de Redes,Tigo,Pereira,"Tigo esta buscando un ingeniero de redes apasionado por la tecnologia para trabajar en Pereira. Encargado del diseno, implementacion y mantenimiento de redes seguras y eficientes.","Configurar routers y switches, monitorear trafico y resolver incidencias.","Certificaciones en redes (CCNA/CCNP), experiencia con configuraciones de red.",10645812,tiempo_completo,senior,"Linux, Kubernetes, Terraform",2025-05-17 20:54:17,True,ingenieria_informatica
Ingeniero de Redes,Ecopetrol,Cali,"Ecopetrol esta buscando un ingeniero de redes apasionado por la tecnologia para trabajar en Cali. Encargado del diseno, implementacion y mantenimiento de redes seguras y eficientes.","Configurar routers y switches, monitorear trafico y resolver incidencias.","Certificaciones en redes (CCNA/CCNP), experiencia con configuraciones de red.",5873345,tiempo_completo,mid,"GCP, BigQuery, Airflow",2025-05-17 20:55:17,True,ingenieria
Ingeniero de Automatizacion,Bancolombia,Bucaramanga,Bancolombia esta buscando un ingeniero de automatizacion apasionado por la tecnologia para trabajar en Bucaramanga. Participara en diversos proyectos tecnicos de la compania.,"Colaborar en proyectos tecnicos, realizar mantenimiento de sistemas y proponer mejoras tecnologicas.","Formacion en ingenieria o area afin, experiencia tecnica relevante y capacidad de trabajo en equipo.",3766246,pasantia,junior,"Linux, Kubernetes, Terraform",2025-05-17 20:56:17,True,ingenieria
Ingeniero de Redes,Avianca,Barranquilla,"Avianca esta buscando un ingeniero de redes apasionado por la tecnologia para trabajar en Barranquilla. Encargado del diseno, implementacion y mantenimiento de redes seguras y eficientes.","Configurar routers y switches, monitorear trafico y resolver incidencias.","Certificaciones en redes (CCNA/CCNP), experiencia con configuraciones de red.",3972309,medio_tiempo,junior,"C#, .NET, Azure",2025-05-17 20:57:17,True,ingenieria
Ingeniero Electronico,Carvajal,Bucaramanga,Carvajal esta buscando un ingeniero electronico apasionado por la tecnologia para trabajar en Bucaramanga. Participara en diversos proyectos tecnicos de la compania.,"Colaborar en proyectos tecnicos, realizar mantenimiento de sistemas y proponer mejoras tecnologicas.","Formacion en ingenieria o area afin, experiencia tecnica relevante y capacidad de trabajo en equipo.",10165863,tiempo_completo,senior,"JavaScript, React, Node.js",2025-05-17 20:58:17,True,ingenieria_informatica
Ingeniero de Redes,Claro Colombia,Pereira,"Claro Colombia esta buscando un ingeniero de redes apasionado por la tecnologia para trabajar en Pereira. Encargado del diseno, implementacion y mantenimiento de redes seguras y eficientes.","Configurar routers y switches, monitorear trafico y resolver incidencias.","Certificaciones en redes (CCNA/CCNP), experiencia con configuraciones de red.",3256471,medio_tiempo,junior,"C#, .NET, Azure",2025-05-17 20:59:17,True,ingenieria
Ingeniero Electronico,Claro Colombia,Pereira,Claro Colombia esta buscando un ingeniero electronico apasionado por la tecnologia para trabajar en Pereira. Participara en diversos proyectos tecnicos de la compania.,"Colaborar en proyectos tecnicos, realizar mantenimiento de sistemas y proponer mejoras tecnologicas.","Formacion en ingenieria o area afin, experiencia tecnica relevante y capacidad de trabajo en equipo.",4378453,medio_tiempo,mid,"Python, SQL, AWS",2025-05-17 21:00:17,True,ingenieria_informatica
Ingeniero de Seguridad,Postobon,Pereira,Postobon esta buscando un ingeniero de seguridad apasionado por la tecnologia para trabajar en Pereira. El profesional sera responsable de identificar y mitigar vulnerabilidades.,"Auditar sistemas, implementar controles de seguridad y capacitar al equipo en mejores practicas.","Formacion en ciberseguridad, manejo de firewalls y herramientas de auditoria.",8692515,tiempo_completo,senior,"Python, SQL, AWS",2025-05-17 21:01:17,True,ingenieria_informatica
Ingeniero Industrial,ETB,Bucaramanga,ETB esta buscando un ingeniero industrial apasionado por la tecnologia para trabajar en Bucaramanga. Participara en diversos proyectos tecnicos de la compania.,"Colaborar en proyectos tecnicos, realizar mantenimiento de sistemas y proponer mejoras tecnologicas.","Formacion en ingenieria o area afin, experiencia tecnica relevante y capacidad de trabajo en equipo.",2655522,pasantia,junior,"Linux, Kubernetes, Terraform",2025-05-17 21:02:17,True,ingenieria
Ingeniero de Automatizacion,Alkosto,Cali,Alkosto esta buscando un ingeniero de automatizacion apasionado por la tecnologia para trabajar en Cali. Participara en diversos proyectos tecnicos de la compania.,"Colaborar en proyectos tecnicos, realizar mantenimiento de sistemas y proponer mejoras tecnologicas.","Formacion en ingenieria o area afin, experiencia tecnica relevante y capacidad de trabajo en equipo.",5195308,tiempo_completo,mid,"GCP, BigQuery, Airflow",2025-05-17 21:03:17,True,ingenieria_informatica
Ingeniero de Datos,Rappi,Pereira,Rappi esta buscando un ingeniero de datos apasionado por la tecnologia para trabajar en Pereira. Este rol implica el manejo y procesamiento de grandes volumenes de datos para generar valor.,"Construir pipelines de datos, asegurar la calidad de los datos y colaborar con analistas.","Conocimiento en bases de datos, SQL y herramientas de procesamiento como Spark o Hadoop.",3535044,pasantia,junior,"Python, SQL, AWS",2025-05-17 21:04:17,True,ingenieria_informatica
Ingeniero de Automatizacion,Avianca,Cali,Avianca esta buscando un ingeniero de automatizacion apasionado por la tecnologia para trabajar en Cali. Participara en diversos proyectos tecnicos de la compania.,"Colaborar en proyectos tecnicos, realizar mantenimiento de sistemas y proponer mejoras tecnologicas.","Formacion en ingenieria o area afin, experiencia tecnica relevante y capacidad de trabajo en equipo.",11224748,medio_tiempo,senior,"Python, SQL, AWS",2025-05-17 21:05:17,True,ingenieria
Ingeniero de Automatizacion,ETB,Pereira,ETB esta buscando un ingeniero de automatizacion apasionado por la tecnologia para trabajar en Pereira. Participara en diversos proyectos tecnicos de la compania.,"Colaborar en proyectos tecnicos, realizar mantenimiento de sistemas y proponer mejoras tecnologicas.","Formacion en ingenieria o area afin, experiencia tecnica relevante y capacidad de trabajo en equipo.",3681654,medio_tiempo,junior,"JavaScript, React, Node.js",2025-05-17 21:06:17,True,ingenieria_informatica
Ingeniero de Redes,Grupo Nutresa,Barranquilla,"Grupo Nutresa esta buscando un ingeniero de redes apasionado por la tecnologia para trabajar en Barranquilla. Encargado del diseno, implementacion y mantenimiento de redes seguras y eficientes.","Configurar routers y switches, monitorear trafico y resolver incidencias.","Certificaciones en redes (CCNA/CCNP), experiencia con configuraciones de red.",2523308,pasantia,junior,"Python, SQL, AWS",2025-05-17 21:07:17,True,ingenieria_informatica
Ingeniero Civil,Ecopetrol,Bogota,Ecopetrol esta buscando un ingeniero civil apasionado por la tecnologia para trabajar en Bogota. Participara en diversos proyectos tecnicos de la compania.,"Colaborar en proyectos tecnicos, realizar mantenimiento de sistemas y proponer mejoras tecnologicas.","Formacion en ingenieria o area afin, experiencia tecnica relevante y capacidad de trabajo en equipo.",3828540,tiempo_completo,junior,"Python, SQL, AWS",2025-05-17 21:08:17,True,ingenieria
Ingeniero de Machine Learning,Tigo,Cali,Tigo esta buscando un ingeniero de machine learning apasionado por la tecnologia para trabajar en Cali. Desarrollara modelos de aprendizaje automatico aplicables a problemas reales.,"Entrenar y evaluar modelos, seleccionar algoritmos adecuados y preparar datasets.","Manejo de librerias como TensorFlow o scikit-learn, y conocimientos estadisticos.",3220062,medio_tiempo,junior,"C#, .NET, Azure",2025-05-17 21:09:17,True,ingenieria
Ingeniero de Software,Postobon,Bogota,Postobon esta buscando un ingeniero de software apasionado por la tecnologia para trabajar en Bogota. El candidato ideal debera participar en el ciclo completo de desarrollo de software.,"Desarrollar y mantener aplicaciones escalables, colaborar con otros desarrolladores y participar en revisiones de codigo.","Experiencia en desarrollo de aplicaciones, manejo de frameworks modernos y control de versiones.",8759288,tiempo_completo,senior,"GCP, BigQuery, Airflow",2025-05-17 21:10:17,True,ingenieria
Ingeniero Civil,Postobon,Barranquilla,Postobon esta buscando un ingeniero civil apasionado por la tecnologia para trabajar en Barranquilla. Participara en diversos proyectos tecnicos de la compania.,"Colaborar en proyectos tecnicos, realizar mantenimiento de sistemas y proponer mejoras tecnologicas.","Formacion en ingenieria o area afin, experiencia tecnica relevante y capacidad de trabajo en equipo.",8094122,pasantia,senior,"JavaScript, React, Node.js",2025-05-17 21:11:17,True,ingenieria_informatica
Ingeniero de Sistemas,Bancolombia,Medellin,Bancolombia esta buscando un ingeniero de sistemas apasionado por la tecnologia para trabajar en Medellin. Participara en diversos proyectos tecnicos de la compania.,"Colaborar en proyectos tecnicos, realizar mantenimiento de sistemas y proponer mejoras tecnologicas.","Formacion en ingenieria o area afin, experiencia tecnica relevante y capacidad de trabajo en equipo.",8115721,pasantia,senior,"Linux, Kubernetes, Terraform",2025-05-17 21:12:17,True,ingenieria
Ingeniero Electronico,ETB,Barranquilla,ETB esta buscando un ingeniero electronico apasionado por la tecnologia para trabajar en Barranquilla. Participara en diversos proyectos tecnicos de la compania.,"Colaborar en proyectos tecnicos, realizar mantenimiento de sistemas y proponer mejoras tecnologicas.","Formacion en ingenieria o area afin, experiencia tecnica relevante y capacidad de trabajo en equipo.",6379092,pasantia,mid,"Linux, Kubernetes, Terraform",2025-05-17 21:13:17,True,ingenieria_informatica
Ingeniero de Sistemas,Tigo,Pereira,Tigo esta buscando un ingeniero de sistemas apasionado por la tecnologia para trabajar en Pereira. Participara en diversos proyectos tecnicos de la compania.,"Colaborar en proyectos tecnicos, realizar mantenimiento de sistemas y proponer mejoras tecnologicas.","Formacion en ingenieria o area afin, experiencia tecnica relevante y capacidad de trabajo en equipo.",4769022,pasantia,mid,"JavaScript, React, Node.js",2025-05-17 21:14:17,True,ingenieria
Ingeniero Frontend,Grupo Exito,Cartagena,Grupo Exito esta buscando un ingeniero frontend apasionado por la tecnologia para trabajar en Cartagena. Participara en diversos proyectos tecnicos de la compania.,"Colaborar en proyectos tecnicos, realizar mantenimiento de sistemas y proponer mejoras tecnologicas.","Formacion en ingenieria o area afin, experiencia tecnica relevante y capacidad de trabajo en equipo.",9586217,medio_tiempo,senior,"GCP, BigQuery, Airflow",2025-05-17 21:15:17,True,ingenieria
Ingeniero de Automatizacion,Carvajal,Bogota,Carvajal esta buscando un ingeniero de automatizacion apasionado por la tecnologia para trabajar en Bogota. Participara en diversos proyectos tecnicos de la compania.,"Colaborar en proyectos tecnicos, realizar mantenimiento de sistemas y proponer mejoras tecnologicas.","Formacion en ingenieria o area afin, experiencia tecnica relevante y capacidad de trabajo en equipo.",3067061,pasantia,junior,"Linux, Kubernetes, Terraform",2025-05-17 21:16:17,True,ingenieria
Ingeniero DevOps,Carvajal,Cartagena,Carvajal esta buscando un ingeniero devops apasionado por la tecnologia para trabajar en Cartagena. El rol implica automatizar y optimizar los pipelines de entrega continua.,"Configurar entornos de despliegue continuo, gestionar infraestructura como codigo y monitorear servicios.","Familiaridad con herramientas CI/CD, contenedores y servicios en la nube.",10706066,medio_tiempo,senior,"Linux, Kubernetes, Terraform",2025-05-17 21:17:17,True,ingenieria_informatica
